{"type":"FeatureCollection","features":[{"type":"Feature","properties":{"name":"Bartın","iso":"TR-74","inRegion":true},"geometry":{"type":"MultiPolygon","coordinates":[[[[810.63,-48.79],[810.35,-1.3],[783.89,23.94],[758.53,24.53],[728.21,29.36],[702.79,19.23],[675.26,15.41],[633.01,25.4],[593.89,13.88],[543.88,-13.48],[517.75,-22.18],[446.13,-52.08],[441.32,-36.8],[424.77,-7.32],[421.96,62.26],[368.69,74.37],[347.15,51.15],[324.26,51.9],[298.52,49.63],[285.23,53.09],[253.7,55.19],[214.79,45.74],[175.4,60.45],[150.38,62.9],[132.37,49.53],[120.03,33.91],[112.87,7.05],[115.34,-8.07],[112.84,-15.55],[115.98,-20.0],[116.08,-25.45],[120.9,-36.41],[120.34,-41.87],[124.21,-48.67],[138.88,-107.8],[114.25,-127.89],[105.02,-154.88],[105.27,-167.01],[109.38,-179.71],[120.26,-186.87],[129.09,-199.12],[97.49,-227.06],[81.62,-249.17],[66.71,-259.47],[61.03,-266.29],[43.09,-304.22],[38.93,-325.16],[40.26,-362.73],[23.02,-402.12],[26.04,-430.36],[19.77,-453.93],[8.96,-459.42],[-8.41,-455.77],[-32.82,-443.27],[-48.99,-426.71],[-50.36,-416.59],[-59.3,-401.67],[-69.57,-401.53],[-80.53,-410.93],[-85.28,-418.36],[-87.28,-432.34],[-84.94,-452.63],[-89.24,-468.8],[-98.74,-476.85],[-131.14,-487.36],[-137.29,-494.71],[-150.75,-506.57],[-166.23,-536.89],[-190.12,-566.83],[-188.98,-567.12],[-188.98,-568.26],[-187.27,-567.4],[-178.72,-569.4],[-178.72,-570.54],[-175.87,-571.96],[-171.88,-572.82],[-172.45,-575.1],[-170.17,-573.39],[-169.6,-575.1],[-161.05,-576.81],[-161.05,-575.66],[-159.91,-575.1],[-159.34,-576.81],[-157.06,-576.81],[-156.49,-579.09],[-136.54,-583.73],[-116.63,-590.97],[-112.97,-592.69],[-109.33,-598.82],[-106.91,-599.2],[-105.11,-603.15],[-97.88,-605.15],[-92.2,-608.3],[-89.09,-611.6],[-88.07,-614.35],[-88.3,-617.19],[-90.85,-616.9],[-91.74,-617.84],[-88.61,-619.64],[-88.02,-618.63],[-86.83,-618.87],[-86.34,-620.43],[-87.13,-621.1],[-85.33,-621.79],[-85.74,-622.65],[-79.79,-628.65],[-80.6,-629.52],[-79.18,-630.21],[-77.91,-634.54],[-81.08,-634.17],[-79.63,-635.82],[-78.17,-634.97],[-76.56,-635.94],[-76.77,-634.16],[-75.63,-636.05],[-69.23,-638.33],[-66.18,-637.76],[-62.45,-641.35],[-62.33,-643.19],[-63.28,-644.08],[-62.28,-646.29],[-54.82,-649.08],[-52.79,-652.58],[-53.18,-655.32],[-51.13,-655.13],[-51.08,-656.27],[-48.61,-658.2],[-45.53,-666.39],[-45.15,-671.54],[-46.85,-671.86],[-48.74,-677.37],[-51.61,-677.13],[-52.63,-678.91],[-55.6,-677.41],[-57.88,-677.13],[-58.14,-678.19],[-40.73,-686.85],[-39.73,-686.61],[-38.86,-688.34],[-36.95,-688.32],[-37.43,-687.4],[-35.09,-686.85],[-32.44,-690.98],[-28.24,-691.09],[-27.67,-691.66],[-28.46,-693.19],[-26.95,-693.06],[-26.09,-696.39],[-24.97,-696.24],[-22.85,-698.77],[-22.54,-701.35],[-26.83,-703.83],[-22.96,-706.23],[-22.99,-707.79],[-16.1,-706.96],[-10.07,-708.33],[-8.01,-710.48],[-6.85,-710.01],[-4.84,-711.4],[-3.04,-714.02],[-1.62,-714.07],[0.29,-717.2],[3.49,-716.55],[6.9,-718.33],[19.64,-729.85],[30.75,-742.68],[35.88,-751.8],[36.45,-754.65],[34.22,-759.17],[34.55,-760.25],[29.02,-763.19],[28.19,-765.19],[26.12,-765.98],[25.85,-766.83],[27.37,-767.13],[27.66,-768.88],[29.75,-768.81],[30.3,-769.74],[29.25,-770.47],[30.17,-770.74],[28.41,-771.62],[29.33,-772.32],[28.73,-773.08],[27.65,-772.53],[26.47,-773.51],[26.68,-776.55],[29.85,-777.38],[30.21,-779.95],[30.53,-779.19],[39.73,-776.53],[40.35,-775.39],[45.72,-773.14],[47.11,-771.42],[49.73,-774.49],[49.1,-776.24],[46.8,-777.76],[40.79,-778.72],[39.45,-780.29],[39.54,-785.09],[32.7,-785.37],[25.82,-781.51],[25.44,-782.2],[32.68,-785.62],[42.05,-785.27],[45.34,-786.01],[46.33,-786.9],[45.86,-788.16],[51.27,-789.29],[52.69,-791.7],[57.83,-793.98],[57.83,-792.84],[61.25,-793.12],[65.81,-793.97],[65.81,-795.12],[66.95,-793.98],[67.52,-796.26],[72.65,-798.54],[74.64,-801.96],[75.5,-806.51],[77.78,-806.52],[78.92,-808.79],[80.63,-809.37],[85.19,-817.53],[88.61,-816.86],[89.73,-818.0],[89.61,-819.37],[94.31,-820.76],[96.3,-829.01],[99.9,-827.65],[102.52,-829.3],[103.91,-830.56],[103.47,-831.46],[105.17,-833.57],[104.11,-834.01],[106.35,-837.34],[107.23,-837.01],[113.78,-841.93],[115.09,-841.53],[116.31,-843.26],[120.83,-844.87],[119.57,-846.54],[119.88,-848.19],[121.95,-848.04],[122.95,-849.5],[127.3,-851.01],[127.75,-852.16],[126.72,-853.14],[127.45,-853.66],[135.52,-854.38],[136.65,-856.33],[141.42,-855.03],[142.25,-856.56],[145.15,-857.7],[146.54,-860.22],[148.64,-859.47],[149.24,-860.39],[150.24,-859.64],[152.58,-860.51],[153.27,-859.03],[155.96,-859.1],[157.34,-860.35],[156.47,-861.06],[156.96,-861.8],[160.21,-861.08],[159.8,-862.63],[161.28,-862.95],[160.18,-864.52],[160.55,-865.6],[161.23,-864.48],[162.54,-864.97],[163.85,-862.09],[172.31,-859.24],[176.51,-859.88],[176.92,-861.03],[182.06,-860.06],[184.65,-861.37],[187.89,-861.01],[188.32,-863.9],[189.6,-864.31],[194.56,-862.5],[195.06,-861.31],[197.0,-860.58],[197.54,-861.32],[199.55,-860.18],[198.99,-854.45],[202.18,-853.25],[206.05,-853.59],[207.64,-855.57],[210.5,-856.48],[210.3,-859.79],[211.15,-861.33],[218.04,-864.36],[218.97,-864.03],[218.59,-863.14],[211.22,-860.39],[210.98,-859.02],[211.71,-859.06],[212.83,-856.09],[215.62,-857.13],[215.0,-858.7],[218.11,-858.67],[217.37,-860.84],[218.12,-859.67],[221.42,-859.36],[225.48,-863.17],[225.82,-865.43],[222.82,-871.43],[221.92,-875.53],[220.1,-876.25],[219.51,-878.32],[223.78,-880.39],[223.99,-879.23],[225.76,-880.41],[225.19,-878.26],[229.97,-881.47],[232.25,-881.19],[231.68,-886.32],[233.59,-887.69],[235.67,-887.74],[235.92,-886.87],[237.14,-888.41],[239.66,-887.74],[243.33,-883.09],[246.12,-882.46],[249.52,-884.53],[249.51,-885.34],[254.07,-885.97],[257.66,-887.77],[261.24,-892.09],[260.23,-893.48],[260.59,-896.21],[258.98,-895.7],[260.46,-898.86],[259.94,-901.45],[261.57,-903.53],[264.34,-903.58],[261.85,-905.03],[262.35,-906.06],[268.21,-906.9],[269.65,-908.08],[269.26,-909.48],[271.06,-909.03],[272.91,-909.82],[272.58,-907.04],[276.35,-904.75],[284.33,-913.59],[291.95,-914.88],[293.54,-913.08],[295.38,-913.71],[295.74,-917.73],[293.9,-917.84],[297.11,-920.14],[297.54,-919.38],[302.07,-919.78],[301.36,-918.49],[304.55,-918.35],[305.67,-919.57],[305.67,-918.37],[313.62,-915.92],[317.65,-913.84],[317.1,-912.99],[313.54,-915.46],[306.42,-917.27],[302.69,-915.73],[300.88,-915.92],[300.14,-913.17],[300.96,-907.71],[304.79,-905.73],[306.88,-906.11],[306.08,-905.3],[303.15,-905.01],[304.22,-902.49],[306.9,-901.41],[310.62,-902.79],[313.66,-902.35],[313.32,-908.58],[314.58,-901.69],[321.95,-898.73],[322.52,-899.26],[322.85,-897.84],[327.6,-893.03],[331.53,-894.25],[334.93,-892.84],[339.77,-894.84],[347.39,-894.3],[352.52,-907.41],[353.07,-908.26],[354.88,-908.01],[353.66,-911.4],[354.8,-911.4],[355.53,-915.58],[358.81,-920.5],[357.04,-919.94],[357.9,-923.16],[359.93,-926.22],[361.07,-926.22],[360.3,-928.62],[361.07,-931.92],[363.99,-936.04],[365.87,-935.0],[369.05,-937.62],[369.62,-942.18],[370.76,-942.18],[371.33,-945.03],[374.52,-947.6],[376.67,-947.42],[381.57,-952.11],[383.42,-952.6],[391.37,-958.54],[394.08,-959.18],[394.38,-960.89],[398.12,-964.98],[406.12,-969.93],[410.66,-975.24],[414.9,-973.46],[418.21,-974.15],[420.95,-972.87],[423.02,-970.07],[427.33,-969.87],[434.11,-972.43],[438.02,-976.09],[439.09,-978.82],[444.64,-980.77],[445.77,-982.92],[448.85,-981.07],[452.28,-982.71],[452.78,-984.64],[451.36,-986.12],[452.16,-986.62],[453.61,-987.11],[453.85,-985.12],[455.84,-984.81],[462.2,-987.26],[463.55,-989.82],[463.74,-995.23],[465.88,-995.83],[465.44,-997.48],[464.63,-997.56],[470.88,-1000.18],[473.1,-1003.68],[486.97,-1012.96],[488.4,-1014.84],[488.85,-1016.49],[487.84,-1017.06],[489.6,-1017.42],[489.68,-1020.7],[487.22,-1023.96],[486.83,-1029.5],[485.84,-1030.52],[487.65,-1033.2],[490.56,-1033.28],[489.66,-1032.71],[490.54,-1032.38],[489.6,-1030.21],[491.56,-1029.46],[493.68,-1025.11],[495.12,-1026.87],[494.04,-1031.46],[498.88,-1030.78],[498.88,-1032.7],[500.69,-1032.36],[503.87,-1035.53],[504.43,-1038.06],[502.63,-1039.28],[504.94,-1040.98],[509.69,-1041.42],[510.14,-1040.02],[511.03,-1042.19],[511.95,-1041.98],[511.66,-1039.99],[512.88,-1039.97],[513.33,-1041.58],[516.16,-1042.11],[517.44,-1040.27],[519.09,-1040.21],[519.28,-1041.06],[520.67,-1041.07],[520.51,-1043.75],[523.14,-1043.95],[524.98,-1043.59],[524.37,-1041.1],[525.77,-1040.72],[527.19,-1042.77],[527.77,-1041.66],[529.32,-1042.48],[528.23,-1044.83],[529.74,-1044.74],[530.02,-1043.84],[531.5,-1044.21],[530.56,-1042.96],[533.22,-1042.69],[534.67,-1043.14],[535.69,-1045.65],[537.98,-1044.72],[539.52,-1045.54],[539.09,-1046.67],[541.84,-1047.57],[541.4,-1048.8],[542.38,-1047.86],[544.98,-1049.18],[544.65,-1047.0],[545.99,-1047.82],[545.8,-1047.17],[549.77,-1050.47],[551.36,-1050.39],[550.97,-1048.29],[556.01,-1048.2],[556.84,-1045.91],[556.36,-1042.97],[561.46,-1041.68],[564.19,-1042.64],[564.74,-1043.59],[563.45,-1046.05],[564.9,-1045.36],[565.41,-1046.49],[564.69,-1046.97],[567.28,-1051.54],[570.07,-1051.27],[570.83,-1052.49],[574.03,-1051.52],[576.49,-1053.77],[577.67,-1053.78],[577.67,-1052.19],[582.45,-1051.05],[583.65,-1052.66],[586.32,-1053.13],[587.01,-1051.62],[589.64,-1050.66],[593.75,-1052.45],[599.41,-1051.26],[608.0,-1052.87],[610.45,-1054.57],[611.77,-1057.28],[617.0,-1062.45],[617.8,-1066.3],[616.2,-1067.87],[616.93,-1070.74],[615.34,-1074.41],[616.91,-1075.26],[616.7,-1077.0],[618.52,-1077.42],[618.97,-1081.91],[618.58,-1083.8],[616.71,-1085.81],[618.57,-1084.89],[621.29,-1087.77],[628.21,-1088.99],[636.46,-1087.41],[638.82,-1089.2],[643.29,-1089.44],[646.19,-1090.85],[648.11,-1090.14],[648.56,-1092.74],[653.18,-1094.56],[656.38,-1093.81],[661.34,-1094.55],[670.81,-1093.87],[681.52,-1097.44],[684.4,-1096.07],[683.91,-1095.4],[685.89,-1095.16],[684.96,-1094.51],[685.36,-1092.58],[686.94,-1091.63],[686.24,-1090.8],[686.87,-1090.11],[688.22,-1089.91],[690.08,-1090.38],[691.92,-1093.16],[690.13,-1095.44],[696.8,-1096.93],[707.06,-1095.22],[711.05,-1096.65],[711.05,-1095.51],[716.18,-1096.36],[719.6,-1095.51],[719.6,-1094.37],[723.59,-1094.94],[723.59,-1096.65],[728.15,-1097.5],[738.98,-1094.37],[739.55,-1092.09],[744.11,-1093.23],[744.11,-1092.09],[745.25,-1091.8],[748.1,-1094.37],[748.1,-1093.23],[758.08,-1092.83],[761.78,-1091.3],[765.03,-1093.66],[765.08,-1098.01],[766.47,-1097.47],[769.36,-1098.51],[774.5,-1098.52],[774.61,-1097.71],[770.11,-1097.11],[769.46,-1095.56],[773.09,-1093.7],[773.26,-1096.22],[773.67,-1095.47],[775.93,-1097.17],[775.25,-1095.3],[776.76,-1094.03],[778.98,-1093.96],[779.37,-1095.32],[781.03,-1094.08],[782.67,-1094.34],[788.5,-1097.52],[789.09,-1103.42],[792.35,-1105.52],[794.68,-1109.05],[804.83,-1110.02],[811.62,-1112.03],[821.01,-1112.74],[823.19,-1112.73],[828.3,-1110.24],[834.4,-1111.48],[835.8,-1116.16],[838.09,-1117.42],[839.57,-1121.4],[841.29,-1122.87],[841.58,-1127.43],[843.57,-1128.0],[843.29,-1130.85],[847.21,-1133.8],[853.06,-1132.36],[854.39,-1131.1],[858.66,-1133.54],[864.29,-1133.48],[858.3,-1132.55],[856.47,-1130.83],[857.04,-1128.78],[855.35,-1128.52],[856.21,-1126.32],[860.37,-1127.35],[862.17,-1130.65],[861.35,-1127.42],[862.52,-1126.24],[868.89,-1129.01],[872.64,-1132.89],[878.07,-1135.19],[885.47,-1135.69],[893.45,-1133.98],[900.24,-1135.9],[903.05,-1135.09],[906.56,-1132.27],[912.68,-1132.52],[916.11,-1134.68],[912.51,-1128.17],[907.62,-1126.27],[906.91,-1124.81],[907.81,-1120.38],[912.47,-1116.68],[911.79,-1112.53],[905.84,-1109.88],[907.48,-1106.05],[905.04,-1100.22],[901.0,-1098.75],[897.78,-1093.26],[899.45,-1090.98],[906.41,-1086.97],[906.06,-1079.42],[916.83,-1069.84],[923.43,-1053.61],[921.08,-1046.96],[924.88,-1038.06],[947.97,-1035.11],[931.62,-1010.29],[943.16,-976.28],[965.18,-965.53],[962.22,-949.52],[962.58,-924.83],[960.07,-911.6],[964.04,-906.22],[991.09,-896.07],[1008.97,-880.56],[1028.8,-866.86],[1038.91,-861.14],[1056.11,-859.26],[1092.99,-872.73],[1124.46,-882.1],[1157.71,-894.33],[1177.44,-894.17],[1194.83,-881.65],[1203.77,-866.44],[1216.78,-837.41],[1213.44,-821.38],[1202.46,-810.94],[1183.11,-801.82],[1185.94,-781.87],[1175.54,-763.62],[1178.4,-741.5],[1156.44,-698.86],[1157.14,-669.23],[1162.77,-644.61],[1154.59,-628.51],[1130.86,-606.52],[1105.21,-578.71],[1101.44,-558.22],[1113.18,-535.1],[1109.61,-528.0],[1073.15,-507.61],[1063.94,-496.13],[1038.2,-484.19],[1006.09,-480.88],[974.35,-470.93],[946.53,-481.09],[936.58,-481.12],[931.64,-474.73],[930.96,-463.4],[964.38,-445.42],[978.38,-430.15],[990.99,-406.03],[994.17,-396.84],[988.06,-389.29],[974.52,-382.77],[941.65,-370.71],[920.21,-367.87],[875.02,-371.99],[856.56,-413.76],[849.26,-419.17],[811.82,-426.47],[790.75,-391.49],[757.8,-375.32],[730.61,-352.9],[721.19,-337.53],[731.1,-314.31],[745.79,-294.02],[725.04,-260.96],[734.87,-232.58],[758.88,-188.58],[775.01,-134.9],[805.76,-78.87],[810.63,-48.79]]],[[[-106.66,-604.7],[-105.11,-604.33],[-104.88,-605.14],[-104.64,-604.1],[-106.52,-603.63],[-106.66,-604.7]]],[[[218.52,-883.05],[218.84,-883.73],[219.09,-882.58],[218.3,-880.86],[218.52,-883.05]]],[[[218.97,-885.03],[219.05,-884.93],[218.86,-885.0],[218.97,-885.03]]],[[[290.18,-918.78],[287.59,-921.51],[291.07,-926.19],[293.99,-927.37],[296.49,-925.51],[294.86,-919.72],[290.18,-918.78]]],[[[299.97,-926.68],[302.52,-929.52],[303.15,-929.35],[302.47,-924.16],[301.4,-923.28],[299.97,-926.68]]]]}},{"type":"Feature","properties":{"name":"Bolu","iso":"TR-14","inRegion":true},"geometry":{"type":"Polygon","coordinates":[[[626.61,1310.74],[623.71,1310.59],[619.34,1315.47],[619.16,1322.55],[617.56,1324.13],[612.94,1320.79],[607.57,1321.63],[606.68,1325.95],[600.99,1334.59],[586.94,1331.2],[583.77,1329.16],[581.32,1325.25],[541.4,1337.75],[514.58,1337.18],[518.02,1344.85],[517.69,1352.07],[514.32,1359.13],[518.37,1361.17],[518.9,1369.98],[525.12,1373.77],[524.36,1378.97],[521.27,1388.63],[511.77,1401.0],[513.0,1416.17],[510.33,1426.56],[507.25,1433.48],[494.25,1448.73],[494.38,1451.76],[496.52,1457.55],[496.07,1461.16],[493.71,1467.8],[490.49,1472.84],[482.95,1472.65],[480.51,1467.29],[475.31,1463.21],[475.33,1460.47],[472.73,1457.13],[470.96,1462.76],[468.49,1464.04],[466.47,1462.3],[462.84,1461.99],[460.83,1459.23],[456.63,1457.76],[453.76,1452.54],[451.13,1455.13],[442.43,1454.21],[436.79,1451.43],[431.14,1451.11],[423.19,1445.57],[413.18,1445.07],[406.03,1451.97],[397.63,1450.04],[387.32,1452.57],[384.58,1449.09],[380.97,1447.19],[365.42,1451.42],[362.83,1447.22],[358.08,1442.27],[355.45,1445.14],[349.2,1446.55],[352.89,1459.58],[351.07,1471.56],[357.51,1484.9],[347.82,1502.33],[330.69,1503.37],[331.27,1525.78],[329.34,1531.41],[328.26,1542.39],[334.48,1566.29],[338.11,1566.46],[361.67,1582.52],[367.48,1582.13],[359.01,1590.46],[355.77,1598.11],[355.6,1601.0],[361.84,1601.91],[365.6,1603.96],[366.15,1608.59],[364.55,1610.17],[361.43,1620.42],[351.4,1621.66],[355.4,1631.81],[362.61,1640.39],[352.38,1650.02],[352.63,1656.83],[367.28,1660.25],[370.73,1664.61],[374.61,1672.31],[380.66,1679.87],[385.46,1680.04],[392.55,1683.85],[403.95,1673.79],[407.41,1677.43],[402.66,1693.47],[398.31,1692.86],[392.9,1697.46],[387.84,1716.68],[384.3,1725.34],[381.14,1719.68],[376.19,1721.53],[371.5,1726.57],[364.67,1726.52],[359.13,1729.24],[355.04,1733.41],[350.96,1734.69],[350.49,1739.61],[346.0,1737.98],[341.2,1738.24],[337.87,1735.9],[325.8,1737.27],[323.46,1738.85],[321.66,1746.66],[319.03,1749.39],[312.33,1751.52],[299.24,1752.73],[296.02,1756.18],[279.96,1745.5],[278.08,1743.17],[256.35,1754.02],[235.18,1766.9],[235.43,1751.99],[232.31,1741.54],[236.68,1739.26],[236.6,1730.43],[240.76,1718.87],[239.94,1710.62],[235.74,1709.57],[231.42,1703.75],[234.07,1698.99],[247.46,1695.76],[249.81,1692.45],[249.84,1688.4],[251.17,1684.93],[256.15,1680.19],[255.75,1674.83],[256.82,1667.75],[254.52,1663.97],[245.52,1662.46],[244.4,1657.39],[241.94,1655.78],[240.67,1650.85],[229.95,1645.85],[222.98,1645.37],[206.26,1647.41],[197.87,1662.98],[191.42,1670.17],[181.97,1670.67],[178.12,1661.24],[169.32,1653.06],[160.98,1661.39],[145.58,1660.84],[134.57,1675.22],[130.93,1676.21],[123.26,1691.06],[124.78,1700.91],[124.44,1706.99],[109.9,1707.59],[96.28,1702.85],[85.09,1703.19],[78.99,1702.13],[73.01,1705.84],[71.56,1705.11],[61.74,1714.72],[55.63,1715.69],[53.12,1720.73],[53.34,1729.13],[55.95,1729.59],[56.78,1734.66],[54.11,1740.29],[51.03,1743.44],[52.9,1746.65],[53.14,1751.72],[50.78,1755.75],[43.06,1758.44],[32.58,1759.5],[20.23,1758.38],[12.56,1754.41],[9.22,1754.23],[-9.66,1735.53],[-14.8,1741.28],[-20.64,1744.7],[-27.33,1744.64],[-34.32,1746.32],[-38.7,1749.03],[-50.63,1749.64],[-70.88,1754.09],[-86.39,1749.74],[-100.07,1750.63],[-103.81,1746.54],[-109.75,1744.74],[-120.14,1752.17],[-129.1,1751.7],[-145.24,1762.07],[-152.32,1772.42],[-160.2,1775.24],[-170.38,1774.85],[-180.9,1780.54],[-182.86,1801.96],[-191.95,1808.82],[-194.97,1820.02],[-207.18,1834.02],[-209.08,1834.87],[-212.91,1839.18],[-216.02,1844.22],[-219.39,1846.65],[-222.64,1851.39],[-234.87,1852.43],[-239.64,1849.77],[-243.9,1853.64],[-247.81,1851.57],[-252.4,1845.58],[-255.58,1844.1],[-258.31,1841.02],[-261.36,1840.27],[-266.91,1842.82],[-274.63,1843.75],[-278.11,1842.26],[-284.95,1842.48],[-293.92,1851.51],[-299.89,1852.46],[-306.27,1850.51],[-308.25,1845.27],[-306.32,1841.23],[-311.1,1839.15],[-325.6,1835.52],[-328.69,1838.67],[-326.59,1845.79],[-330.55,1849.08],[-334.59,1846.0],[-339.43,1849.71],[-339.94,1856.37],[-342.88,1859.09],[-345.4,1863.27],[-349.79,1865.25],[-357.88,1872.69],[-363.13,1874.08],[-368.8,1873.44],[-370.32,1879.07],[-376.29,1880.02],[-379.37,1881.58],[-383.58,1881.53],[-386.52,1884.11],[-386.71,1887.87],[-389.9,1889.19],[-386.93,1894.39],[-384.18,1895.15],[-381.3,1898.37],[-381.2,1915.05],[-378.35,1920.59],[-374.72,1920.92],[-372.16,1913.7],[-368.34,1910.12],[-361.04,1908.17],[-357.74,1912.85],[-349.89,1913.66],[-331.96,1923.71],[-331.74,1930.53],[-325.34,1930.46],[-323.91,1946.71],[-324.87,1954.53],[-326.63,1955.38],[-325.72,1965.69],[-327.28,1975.24],[-344.93,2003.91],[-342.81,2009.74],[-342.89,2017.14],[-341.25,2027.02],[-338.52,2031.82],[-333.49,2033.68],[-323.22,2034.37],[-321.14,2040.78],[-321.49,2044.36],[-330.2,2054.85],[-335.41,2065.1],[-339.4,2070.43],[-350.87,2079.73],[-358.14,2091.7],[-358.2,2096.78],[-354.33,2102.92],[-359.33,2106.92],[-358.13,2116.52],[-360.65,2120.7],[-365.9,2120.5],[-370.15,2123.21],[-374.54,2124.32],[-382.22,2133.38],[-390.88,2138.8],[-399.8,2141.6],[-411.84,2149.01],[-430.06,2148.51],[-436.07,2151.92],[-437.27,2166.87],[-439.21,2170.91],[-439.14,2176.87],[-450.21,2176.45],[-459.0,2180.12],[-472.51,2188.38],[-480.87,2191.91],[-486.17,2196.35],[-487.01,2193.29],[-495.87,2190.86],[-497.74,2188.66],[-495.67,2185.93],[-510.09,2185.02],[-522.41,2190.68],[-524.91,2192.69],[-529.11,2190.46],[-531.74,2190.86],[-534.48,2199.83],[-541.86,2206.71],[-560.84,2208.95],[-564.38,2212.39],[-562.47,2222.73],[-565.44,2226.61],[-563.0,2230.13],[-565.65,2231.84],[-570.39,2237.59],[-575.55,2241.89],[-591.78,2245.46],[-594.74,2248.18],[-595.22,2251.81],[-601.25,2255.36],[-603.58,2255.62],[-606.54,2258.49],[-610.35,2260.04],[-612.21,2268.45],[-619.79,2268.35],[-625.24,2272.06],[-625.3,2276.42],[-631.48,2280.84],[-638.47,2279.73],[-645.1,2284.3],[-644.17,2280.53],[-645.73,2277.31],[-653.65,2268.78],[-661.2,2266.36],[-665.33,2269.94],[-671.35,2272.62],[-673.83,2272.44],[-677.12,2267.46],[-679.03,2268.45],[-693.39,2262.3],[-706.91,2259.06],[-711.1,2255.96],[-713.28,2244.16],[-716.91,2243.38],[-718.49,2240.89],[-722.34,2245.63],[-732.24,2243.9],[-733.48,2238.65],[-737.12,2238.17],[-739.05,2240.46],[-748.58,2233.21],[-756.16,2233.26],[-761.34,2227.81],[-765.55,2226.88],[-769.26,2221.01],[-775.84,2221.94],[-783.63,2215.88],[-788.03,2217.27],[-806.28,2218.61],[-810.72,2223.63],[-815.13,2225.75],[-820.31,2231.05],[-824.69,2231.28],[-831.2,2237.72],[-836.49,2240.55],[-844.48,2248.58],[-850.89,2247.76],[-854.44,2251.05],[-879.17,2264.58],[-886.99,2267.43],[-892.47,2267.93],[-894.35,2261.44],[-893.63,2245.41],[-909.64,2254.89],[-934.88,2256.65],[-953.95,2272.41],[-987.99,2306.05],[-996.23,2312.07],[-1026.59,2326.87],[-1035.74,2332.49],[-1040.57,2333.28],[-1054.86,2345.63],[-1059.65,2345.87],[-1075.53,2350.82],[-1077.43,2354.85],[-1081.12,2345.82],[-1103.0,2339.13],[-1108.89,2333.22],[-1128.4,2324.96],[-1140.92,2318.44],[-1144.21,2315.19],[-1152.24,2297.62],[-1158.93,2296.05],[-1163.38,2291.62],[-1193.39,2288.36],[-1196.69,2293.39],[-1195.63,2299.66],[-1201.29,2297.97],[-1204.4,2294.16],[-1204.6,2286.57],[-1202.52,2284.43],[-1202.38,2280.07],[-1205.76,2281.68],[-1206.05,2277.54],[-1203.14,2273.3],[-1208.98,2269.49],[-1216.16,2266.68],[-1219.49,2269.68],[-1219.16,2271.72],[-1212.78,2278.59],[-1213.69,2284.13],[-1219.09,2292.62],[-1220.54,2296.78],[-1228.9,2308.79],[-1242.35,2302.52],[-1264.28,2311.73],[-1273.5,2312.73],[-1279.32,2311.76],[-1292.04,2304.85],[-1294.76,2301.61],[-1299.95,2298.03],[-1308.13,2298.18],[-1309.21,2293.07],[-1313.41,2291.4],[-1315.07,2294.42],[-1314.35,2303.16],[-1307.53,2339.19],[-1304.92,2348.4],[-1305.64,2356.24],[-1307.9,2360.13],[-1308.12,2364.49],[-1311.38,2367.48],[-1316.73,2356.19],[-1328.21,2352.65],[-1331.96,2350.11],[-1337.05,2349.15],[-1341.81,2345.72],[-1351.11,2343.23],[-1357.41,2344.57],[-1374.33,2351.68],[-1377.11,2352.07],[-1372.92,2346.62],[-1374.62,2302.53],[-1386.96,2298.82],[-1389.81,2294.99],[-1396.86,2289.48],[-1405.25,2285.11],[-1408.63,2278.65],[-1410.04,2267.43],[-1423.45,2250.77],[-1422.7,2241.77],[-1416.57,2241.3],[-1404.53,2245.59],[-1405.6,2240.19],[-1400.33,2238.98],[-1396.92,2236.28],[-1398.17,2232.33],[-1389.55,2232.05],[-1380.6,2229.16],[-1375.7,2224.16],[-1374.12,2217.65],[-1367.91,2212.97],[-1363.15,2207.67],[-1365.98,2202.97],[-1356.63,2201.83],[-1339.56,2201.85],[-1337.01,2206.1],[-1333.26,2208.79],[-1336.97,2212.06],[-1332.42,2218.54],[-1332.91,2221.87],[-1337.14,2221.94],[-1337.99,2228.76],[-1331.43,2228.73],[-1329.33,2225.71],[-1327.16,2226.62],[-1322.56,2222.05],[-1321.92,2219.01],[-1317.26,2219.24],[-1315.35,2210.12],[-1319.45,2211.5],[-1320.66,2205.37],[-1321.0,2191.71],[-1322.52,2186.89],[-1346.31,2170.93],[-1345.93,2165.99],[-1331.45,2152.21],[-1337.98,2146.83],[-1337.69,2142.02],[-1336.03,2138.8],[-1338.83,2135.76],[-1353.87,2137.24],[-1357.45,2133.54],[-1361.51,2132.31],[-1366.63,2133.09],[-1373.16,2139.51],[-1388.61,2139.38],[-1396.0,2136.48],[-1423.41,2120.59],[-1433.23,2123.32],[-1429.16,2132.1],[-1428.29,2140.4],[-1430.42,2145.44],[-1435.95,2152.75],[-1437.7,2160.27],[-1444.4,2167.85],[-1467.96,2180.2],[-1481.99,2181.68],[-1486.42,2184.79],[-1492.45,2187.3],[-1501.52,2180.73],[-1503.88,2174.59],[-1502.62,2169.53],[-1505.82,2169.18],[-1506.91,2164.94],[-1505.25,2162.07],[-1506.96,2159.71],[-1515.41,2159.41],[-1522.82,2157.96],[-1528.41,2160.61],[-1533.14,2164.16],[-1536.15,2168.6],[-1536.36,2172.23],[-1542.39,2174.88],[-1544.68,2180.21],[-1546.33,2198.19],[-1549.04,2209.91],[-1554.0,2210.25],[-1561.57,2209.38],[-1572.1,2202.79],[-1575.78,2204.75],[-1579.47,2199.16],[-1590.68,2197.92],[-1598.48,2194.14],[-1602.3,2195.52],[-1605.45,2192.7],[-1606.56,2182.07],[-1628.73,2182.22],[-1654.86,2190.27],[-1664.19,2189.94],[-1671.87,2187.61],[-1679.38,2190.95],[-1684.35,2191.43],[-1687.47,2194.57],[-1694.97,2197.32],[-1703.75,2191.62],[-1716.6,2192.24],[-1722.05,2187.62],[-1729.88,2184.99],[-1732.15,2182.19],[-1735.12,2177.48],[-1732.75,2175.64],[-1732.56,2173.31],[-1729.3,2171.06],[-1737.94,2165.36],[-1737.4,2160.72],[-1739.67,2157.33],[-1756.5,2160.19],[-1759.56,2159.83],[-1765.15,2162.48],[-1796.23,2163.0],[-1802.27,2158.81],[-1807.5,2157.97],[-1812.06,2159.91],[-1830.73,2159.81],[-1836.92,2155.76],[-1841.15,2155.96],[-1845.94,2154.7],[-1849.67,2152.0],[-1853.05,2152.95],[-1867.53,2147.99],[-1878.17,2147.62],[-1893.05,2147.89],[-1952.81,2159.38],[-1959.81,2159.67],[-1961.67,2158.2],[-1964.21,2163.54],[-1966.39,2178.78],[-1964.8,2185.79],[-1972.38,2192.16],[-1970.51,2193.36],[-1970.28,2196.56],[-1966.84,2198.97],[-1961.59,2199.52],[-1965.17,2209.76],[-1969.34,2213.3],[-1968.32,2220.3],[-1971.04,2217.91],[-1978.24,2226.77],[-1977.09,2234.06],[-1971.37,2232.88],[-1967.39,2237.62],[-1969.03,2245.87],[-1975.54,2249.94],[-1979.09,2265.42],[-1983.89,2277.82],[-1985.89,2289.12],[-1985.71,2301.05],[-1987.47,2307.99],[-1985.13,2314.73],[-1979.62,2316.45],[-1978.13,2321.58],[-1986.33,2329.54],[-1987.88,2333.58],[-1983.71,2336.44],[-1969.12,2337.19],[-1969.23,2348.68],[-1971.06,2352.42],[-1967.77,2355.4],[-1956.65,2354.63],[-1960.43,2360.66],[-1955.78,2368.32],[-1953.8,2378.11],[-1962.26,2384.04],[-1966.18,2389.78],[-1968.34,2394.97],[-1972.67,2399.09],[-1972.49,2411.03],[-1967.97,2411.57],[-1963.69,2422.87],[-1958.74,2423.7],[-1961.01,2427.29],[-1969.97,2436.41],[-1974.27,2439.08],[-1998.76,2443.06],[-2006.36,2449.74],[-2017.95,2451.52],[-2066.56,2455.68],[-2098.39,2460.64],[-2109.63,2460.09],[-2117.41,2461.52],[-2127.2,2461.15],[-2131.7,2459.88],[-2134.4,2456.76],[-2143.73,2455.38],[-2154.81,2460.66],[-2161.96,2459.91],[-2172.96,2467.81],[-2173.38,2479.74],[-2171.87,2484.29],[-2172.27,2495.06],[-2170.62,2506.02],[-2179.18,2521.99],[-2183.51,2532.23],[-2195.21,2544.63],[-2202.74,2547.95],[-2206.7,2548.45],[-2211.06,2553.44],[-2215.05,2555.1],[-2228.97,2543.85],[-2249.69,2536.95],[-2251.35,2534.36],[-2255.49,2533.31],[-2263.91,2543.17],[-2268.83,2546.98],[-2271.54,2544.3],[-2276.88,2547.38],[-2284.32,2546.32],[-2287.2,2546.95],[-2291.47,2551.98],[-2297.81,2554.16],[-2305.13,2560.4],[-2316.7,2560.99],[-2336.64,2574.94],[-2340.16,2575.29],[-2339.78,2577.63],[-2347.0,2585.91],[-2339.69,2610.13],[-2335.88,2616.2],[-2338.94,2621.67],[-2334.41,2621.92],[-2328.81,2626.57],[-2321.01,2636.68],[-2321.4,2640.6],[-2325.53,2654.21],[-2325.06,2659.03],[-2318.2,2647.68],[-2314.84,2648.05],[-2311.18,2659.95],[-2313.21,2665.58],[-2310.44,2666.09],[-2307.06,2671.56],[-2306.7,2680.9],[-2311.79,2685.59],[-2319.11,2685.42],[-2315.3,2679.53],[-2318.67,2679.6],[-2321.71,2684.34],[-2320.22,2689.18],[-2322.48,2691.9],[-2344.21,2700.27],[-2351.44,2696.6],[-2356.14,2697.5],[-2360.16,2700.18],[-2361.44,2704.52],[-2370.76,2707.94],[-2385.95,2626.93],[-2397.49,2609.39],[-2410.91,2604.35],[-2427.86,2601.84],[-2445.49,2593.5],[-2473.81,2582.11],[-2493.94,2579.43],[-2514.75,2574.3],[-2531.74,2581.58],[-2545.2,2579.9],[-2551.12,2574.59],[-2572.93,2573.28],[-2617.45,2531.63],[-2620.57,2506.87],[-2630.99,2502.6],[-2659.88,2523.63],[-2662.77,2545.39],[-2712.01,2545.32],[-2720.49,2533.35],[-2718.85,2520.33],[-2695.53,2476.2],[-2700.18,2465.33],[-2742.82,2445.08],[-2750.83,2429.03],[-2746.25,2403.24],[-2743.36,2374.83],[-2757.92,2359.34],[-2756.89,2318.86],[-2759.98,2314.39],[-2760.19,2309.92],[-2773.36,2305.34],[-2776.24,2293.85],[-2775.1,2287.0],[-2782.33,2279.17],[-2783.03,2270.95],[-2786.24,2263.84],[-2786.43,2255.6],[-2792.78,2244.3],[-2811.63,2234.1],[-2817.27,2228.01],[-2808.52,2217.25],[-2809.21,2188.4],[-2800.56,2183.94],[-2779.85,2188.36],[-2766.33,2194.92],[-2746.74,2190.3],[-2744.36,2167.79],[-2754.56,2155.31],[-2779.87,2147.21],[-2798.98,2148.13],[-2813.09,2135.89],[-2817.59,2120.47],[-2812.04,2113.14],[-2804.7,2097.97],[-2792.46,2090.51],[-2786.89,2070.9],[-2799.17,2057.71],[-2799.87,2054.03],[-2799.79,2051.17],[-2791.91,2037.23],[-2782.89,2028.73],[-2786.48,2025.46],[-2782.86,2015.7],[-2785.86,2014.5],[-2786.85,2009.86],[-2791.02,2004.98],[-2793.52,1985.51],[-2792.41,1973.94],[-2788.99,1971.65],[-2788.8,1958.78],[-2785.77,1952.98],[-2778.35,1944.13],[-2779.51,1938.51],[-2779.49,1930.76],[-2784.47,1923.08],[-2786.44,1915.08],[-2768.88,1892.52],[-2765.93,1886.65],[-2768.07,1877.45],[-2767.44,1868.93],[-2771.34,1865.85],[-2786.43,1863.65],[-2798.77,1855.96],[-2803.79,1842.92],[-2803.68,1831.41],[-2797.48,1823.64],[-2793.89,1823.54],[-2789.81,1827.03],[-2781.09,1828.85],[-2772.9,1835.63],[-2762.22,1838.3],[-2739.73,1839.51],[-2735.32,1838.44],[-2729.9,1829.85],[-2718.78,1827.47],[-2712.51,1827.27],[-2708.45,1824.0],[-2707.7,1817.57],[-2697.76,1802.13],[-2683.32,1790.25],[-2671.35,1791.06],[-2666.02,1793.15],[-2660.5,1791.1],[-2655.19,1793.07],[-2652.71,1792.47],[-2649.28,1795.55],[-2641.84,1797.83],[-2630.19,1799.44],[-2619.62,1804.5],[-2612.66,1809.89],[-2604.59,1811.04],[-2594.14,1809.48],[-2580.0,1810.67],[-2572.64,1810.15],[-2562.37,1807.57],[-2532.05,1810.49],[-2525.36,1808.22],[-2514.54,1807.79],[-2512.53,1809.06],[-2510.03,1807.09],[-2501.43,1805.58],[-2477.33,1804.47],[-2466.26,1802.36],[-2453.52,1804.43],[-2450.92,1802.09],[-2439.48,1796.47],[-2430.09,1796.57],[-2426.02,1795.7],[-2410.61,1782.37],[-2404.57,1780.96],[-2397.86,1781.51],[-2373.12,1777.8],[-2367.52,1778.04],[-2360.99,1782.06],[-2355.5,1783.01],[-2345.44,1780.31],[-2319.08,1782.67],[-2314.57,1788.56],[-2305.86,1792.34],[-2301.04,1791.67],[-2296.09,1787.5],[-2295.06,1783.05],[-2295.37,1779.79],[-2297.91,1774.21],[-2294.91,1771.36],[-2293.72,1768.2],[-2285.66,1761.44],[-2278.54,1744.81],[-2269.24,1735.13],[-2268.16,1731.54],[-2286.3,1718.59],[-2286.78,1702.15],[-2280.19,1674.74],[-2284.12,1672.88],[-2284.08,1667.4],[-2279.88,1664.65],[-2279.01,1659.24],[-2273.16,1660.58],[-2269.54,1658.68],[-2266.95,1659.21],[-2261.67,1657.11],[-2261.48,1653.44],[-2259.06,1649.94],[-2259.73,1646.05],[-2263.18,1642.47],[-2265.35,1643.12],[-2266.09,1647.4],[-2271.81,1648.87],[-2277.53,1648.2],[-2280.14,1649.8],[-2285.34,1650.75],[-2283.81,1647.75],[-2285.25,1646.1],[-2282.66,1640.14],[-2281.59,1633.06],[-2282.36,1631.19],[-2280.99,1627.05],[-2281.73,1621.0],[-2285.07,1613.93],[-2285.39,1597.62],[-2258.61,1548.85],[-2248.48,1541.17],[-2239.67,1528.29],[-2238.31,1518.99],[-2240.62,1512.68],[-2239.73,1504.56],[-2241.39,1496.49],[-2235.73,1489.28],[-2235.09,1484.6],[-2231.02,1480.55],[-2229.45,1475.72],[-2217.83,1468.66],[-2207.55,1466.96],[-2204.76,1463.93],[-2200.67,1463.44],[-2193.5,1474.62],[-2163.7,1485.44],[-2166.23,1527.11],[-2116.88,1543.34],[-2044.57,1532.51],[-2003.49,1513.62],[-1942.46,1490.95],[-1907.2,1481.53],[-1874.38,1484.02],[-1851.35,1496.16],[-1813.63,1513.13],[-1793.19,1518.45],[-1779.02,1526.86],[-1744.31,1552.87],[-1715.84,1556.3],[-1682.1,1556.67],[-1669.08,1528.72],[-1645.64,1510.83],[-1633.04,1520.16],[-1616.83,1521.03],[-1605.36,1537.28],[-1592.18,1547.14],[-1552.48,1545.95],[-1537.67,1520.03],[-1490.11,1513.2],[-1474.27,1505.57],[-1462.13,1505.18],[-1447.9,1497.65],[-1437.45,1484.04],[-1429.06,1479.95],[-1426.08,1473.05],[-1418.32,1466.53],[-1410.28,1455.62],[-1411.98,1448.24],[-1410.3,1426.76],[-1411.22,1419.0],[-1400.31,1395.78],[-1394.16,1386.17],[-1381.54,1357.94],[-1371.07,1328.79],[-1368.13,1306.34],[-1358.91,1285.09],[-1356.16,1263.29],[-1357.04,1252.47],[-1340.69,1243.94],[-1318.71,1230.31],[-1309.66,1217.8],[-1283.94,1213.57],[-1258.98,1211.49],[-1250.08,1208.05],[-1209.98,1186.44],[-1205.58,1182.55],[-1196.49,1178.75],[-1180.26,1168.96],[-1168.14,1167.72],[-1135.29,1167.73],[-1154.38,1037.43],[-1145.36,1023.6],[-1127.97,1018.68],[-1120.76,1018.8],[-1096.26,1009.86],[-1082.61,1001.64],[-1063.7,992.25],[-1049.91,986.55],[-1034.58,975.12],[-1023.42,964.7],[-1021.0,959.89],[-1013.66,951.93],[-1009.33,939.79],[-1005.29,935.0],[-994.52,929.69],[-977.5,924.1],[-973.04,915.73],[-966.98,908.29],[-964.32,842.23],[-954.47,831.72],[-949.66,831.93],[-947.29,834.44],[-945.58,832.48],[-938.31,831.57],[-932.13,832.56],[-932.52,830.56],[-929.32,830.77],[-928.92,829.52],[-927.15,828.91],[-925.45,824.84],[-922.74,824.7],[-922.71,820.81],[-920.14,821.24],[-915.91,819.12],[-914.82,820.25],[-912.74,819.68],[-910.99,820.32],[-906.38,818.15],[-903.66,813.87],[-903.53,811.87],[-900.48,810.23],[-900.45,808.5],[-899.55,808.15],[-898.64,809.22],[-895.62,806.52],[-892.79,807.63],[-892.14,805.28],[-890.5,805.53],[-888.36,802.26],[-885.03,803.01],[-884.6,801.4],[-882.72,800.21],[-880.48,800.79],[-879.33,802.56],[-874.59,800.61],[-870.71,801.96],[-869.35,800.37],[-868.17,801.9],[-865.05,799.55],[-862.52,800.52],[-860.82,800.03],[-859.96,797.39],[-856.61,796.57],[-854.8,792.76],[-852.44,791.56],[-848.85,787.39],[-846.1,787.55],[-844.65,786.67],[-842.25,788.17],[-839.72,786.34],[-838.81,785.35],[-839.38,780.29],[-837.67,780.11],[-835.05,781.6],[-834.65,779.81],[-832.66,778.0],[-828.27,778.86],[-826.58,777.94],[-826.13,776.04],[-819.52,776.39],[-818.35,774.46],[-815.42,773.93],[-816.06,772.53],[-814.54,771.35],[-812.47,772.43],[-811.35,770.71],[-809.42,771.78],[-806.75,768.78],[-802.29,770.07],[-799.94,769.62],[-796.73,767.51],[-790.3,765.82],[-788.9,763.62],[-786.22,761.95],[-784.22,762.07],[-773.63,767.95],[-765.82,778.84],[-756.39,785.22],[-749.44,786.24],[-740.74,795.62],[-739.74,806.97],[-733.81,822.83],[-725.66,813.65],[-721.78,801.9],[-708.02,798.16],[-635.02,741.53],[-624.55,739.82],[-615.14,730.23],[-609.68,719.0],[-556.98,719.69],[-542.36,722.79],[-529.51,712.19],[-486.21,712.62],[-457.68,660.52],[-425.63,641.33],[-394.61,637.21],[-351.74,676.96],[-316.36,696.35],[-300.49,698.43],[-289.6,690.95],[-264.12,713.5],[-222.42,724.68],[-193.7,725.38],[-172.26,718.94],[-163.24,677.57],[-98.99,675.72],[-74.51,635.39],[33.67,677.19],[100.26,672.87],[188.0,686.76],[262.01,727.71],[236.25,756.62],[233.26,785.55],[215.59,819.32],[224.04,841.56],[227.39,857.03],[252.13,860.47],[310.06,830.09],[315.39,890.36],[312.88,909.43],[291.85,920.5],[278.7,945.41],[228.89,971.15],[182.67,1012.15],[190.81,1037.47],[265.92,1059.47],[284.77,1067.92],[316.63,1071.04],[339.52,1071.63],[366.14,1061.45],[398.19,1043.57],[434.91,1020.43],[463.08,1008.14],[484.26,1011.27],[498.51,1010.24],[508.98,1016.16],[512.93,1028.87],[513.46,1046.0],[534.18,1088.52],[563.47,1106.25],[596.47,1135.9],[636.43,1162.67],[631.04,1177.35],[611.86,1240.92],[591.09,1268.77],[631.96,1313.8],[626.61,1310.74]]]}},{"type":"Feature","properties":{"name":"Düzce","iso":"TR-81","inRegion":true},"geometry":{"type":"Polygon","coordinates":[[[-615.14,730.23],[-624.55,739.82],[-635.02,741.53],[-708.02,798.16],[-721.78,801.9],[-725.66,813.65],[-733.81,822.83],[-739.74,806.97],[-740.74,795.62],[-749.44,786.24],[-756.39,785.22],[-765.82,778.84],[-773.63,767.95],[-784.22,762.07],[-786.22,761.95],[-788.9,763.62],[-790.3,765.82],[-796.73,767.51],[-799.94,769.62],[-802.29,770.07],[-806.75,768.78],[-809.42,771.78],[-811.35,770.71],[-812.47,772.43],[-814.54,771.35],[-816.06,772.53],[-815.42,773.93],[-818.35,774.46],[-819.52,776.39],[-826.13,776.04],[-826.58,777.94],[-828.27,778.86],[-832.66,778.0],[-834.65,779.81],[-835.05,781.6],[-837.67,780.11],[-839.38,780.29],[-838.81,785.35],[-839.72,786.34],[-842.25,788.17],[-844.65,786.67],[-846.1,787.55],[-848.85,787.39],[-852.44,791.56],[-854.8,792.76],[-856.61,796.57],[-859.96,797.39],[-860.82,800.03],[-862.52,800.52],[-865.05,799.55],[-868.17,801.9],[-869.35,800.37],[-870.71,801.96],[-874.59,800.61],[-879.33,802.56],[-880.48,800.79],[-882.72,800.21],[-884.6,801.4],[-885.03,803.01],[-888.36,802.26],[-890.5,805.53],[-892.14,805.28],[-892.79,807.63],[-895.62,806.52],[-898.64,809.22],[-899.55,808.15],[-900.45,808.5],[-900.48,810.23],[-903.53,811.87],[-903.66,813.87],[-906.38,818.15],[-910.99,820.32],[-912.74,819.68],[-914.82,820.25],[-915.91,819.12],[-920.14,821.24],[-922.71,820.81],[-922.74,824.7],[-925.45,824.84],[-927.15,828.91],[-928.92,829.52],[-929.32,830.77],[-932.52,830.56],[-932.13,832.56],[-938.31,831.57],[-945.58,832.48],[-947.29,834.44],[-949.66,831.93],[-954.47,831.72],[-964.32,842.23],[-966.98,908.29],[-973.04,915.73],[-977.5,924.1],[-994.52,929.69],[-1005.29,935.0],[-1009.33,939.79],[-1013.66,951.93],[-1021.0,959.89],[-1023.42,964.7],[-1034.58,975.12],[-1049.91,986.55],[-1063.7,992.25],[-1082.61,1001.64],[-1096.26,1009.86],[-1120.76,1018.8],[-1127.97,1018.68],[-1145.36,1023.6],[-1154.38,1037.43],[-1135.29,1167.73],[-1168.14,1167.72],[-1180.26,1168.96],[-1196.49,1178.75],[-1205.58,1182.55],[-1209.98,1186.44],[-1250.08,1208.05],[-1258.98,1211.49],[-1283.94,1213.57],[-1309.66,1217.8],[-1318.71,1230.31],[-1340.69,1243.94],[-1357.04,1252.47],[-1356.16,1263.29],[-1358.91,1285.09],[-1368.13,1306.34],[-1371.07,1328.79],[-1381.54,1357.94],[-1394.16,1386.17],[-1400.31,1395.78],[-1411.22,1419.0],[-1410.3,1426.76],[-1411.98,1448.24],[-1410.28,1455.62],[-1418.32,1466.53],[-1426.08,1473.05],[-1429.06,1479.95],[-1437.45,1484.04],[-1447.9,1497.65],[-1462.13,1505.18],[-1474.27,1505.57],[-1490.11,1513.2],[-1537.67,1520.03],[-1552.48,1545.95],[-1592.18,1547.14],[-1605.36,1537.28],[-1616.83,1521.03],[-1633.04,1520.16],[-1645.64,1510.83],[-1669.08,1528.72],[-1682.1,1556.67],[-1715.84,1556.3],[-1744.31,1552.87],[-1779.02,1526.86],[-1793.19,1518.45],[-1813.63,1513.13],[-1851.35,1496.16],[-1874.38,1484.02],[-1907.2,1481.53],[-1942.46,1490.95],[-2003.49,1513.62],[-2044.57,1532.51],[-2116.88,1543.34],[-2166.23,1527.11],[-2163.7,1485.44],[-2193.5,1474.62],[-2200.67,1463.44],[-2193.35,1452.59],[-2191.94,1447.85],[-2188.58,1442.38],[-2188.5,1433.87],[-2185.4,1428.65],[-2179.62,1425.04],[-2173.47,1416.8],[-2170.76,1411.58],[-2170.57,1392.62],[-2164.23,1381.81],[-2164.79,1372.64],[-2159.73,1366.69],[-2160.14,1350.82],[-2164.96,1346.97],[-2169.89,1347.11],[-2174.85,1349.19],[-2181.06,1348.78],[-2185.91,1351.38],[-2187.47,1346.18],[-2185.57,1342.49],[-2187.84,1339.99],[-2196.24,1339.53],[-2200.7,1336.33],[-2205.98,1329.76],[-2207.73,1321.59],[-2211.52,1317.89],[-2241.31,1308.28],[-2243.56,1304.88],[-2243.63,1296.76],[-2241.77,1289.71],[-2242.13,1282.87],[-2239.46,1279.71],[-2240.73,1272.98],[-2242.57,1269.07],[-2251.49,1263.31],[-2260.2,1265.04],[-2263.36,1267.41],[-2278.08,1266.02],[-2286.38,1266.98],[-2303.34,1272.62],[-2311.5,1278.48],[-2322.61,1282.85],[-2330.11,1282.66],[-2333.27,1279.49],[-2335.67,1271.96],[-2345.25,1256.64],[-2340.41,1249.29],[-2340.28,1243.75],[-2344.55,1238.49],[-2347.35,1216.0],[-2354.72,1210.66],[-2357.21,1206.48],[-2352.63,1199.12],[-2348.58,1187.24],[-2345.25,1183.46],[-2339.54,1182.44],[-2332.89,1185.44],[-2329.36,1183.85],[-2325.63,1179.3],[-2325.5,1174.03],[-2331.96,1158.41],[-2331.07,1153.54],[-2332.35,1147.84],[-2326.58,1139.23],[-2312.41,1130.82],[-2292.18,1123.07],[-2284.41,1116.83],[-2271.38,1112.64],[-2267.52,1113.37],[-2260.7,1109.29],[-2245.84,1109.52],[-2242.17,1112.44],[-2237.6,1110.75],[-2234.55,1113.01],[-2233.09,1111.12],[-2232.66,1098.9],[-2228.95,1094.99],[-2217.32,1094.76],[-2213.61,1091.24],[-2206.5,1091.03],[-2203.08,1088.28],[-2199.35,1089.39],[-2195.02,1086.41],[-2192.87,1082.85],[-2192.89,1078.48],[-2189.96,1069.15],[-2196.9,1062.42],[-2216.62,1060.41],[-2225.99,1073.7],[-2235.91,1067.41],[-2242.14,1068.42],[-2252.59,1067.91],[-2266.09,1065.14],[-2275.79,1060.27],[-2277.97,1054.29],[-2272.11,1036.29],[-2266.05,1026.14],[-2252.3,1013.1],[-2251.91,1007.83],[-2253.48,1003.29],[-2255.61,1000.66],[-2255.75,995.51],[-2280.26,978.58],[-2291.47,977.79],[-2306.47,978.45],[-2312.35,975.99],[-2320.52,966.92],[-2348.68,962.23],[-2347.19,954.42],[-2348.4,951.18],[-2347.27,947.22],[-2349.3,940.48],[-2347.01,926.39],[-2340.01,924.89],[-2336.32,911.61],[-2332.85,905.19],[-2327.91,902.72],[-2321.88,903.25],[-2321.41,904.76],[-2314.84,906.47],[-2312.25,908.99],[-2309.84,905.71],[-2301.15,903.64],[-2290.05,902.42],[-2281.5,897.28],[-2275.4,901.74],[-2264.46,902.19],[-2256.38,899.17],[-2255.42,897.5],[-2245.79,897.2],[-2243.14,892.98],[-2235.88,893.28],[-2234.24,891.14],[-2221.65,893.92],[-2219.73,892.57],[-2221.75,888.93],[-2219.93,886.88],[-2215.72,886.88],[-2215.62,882.22],[-2212.26,882.38],[-2209.68,879.6],[-2204.56,877.06],[-2204.44,873.25],[-2210.66,869.59],[-2216.07,869.47],[-2218.8,867.39],[-2224.33,860.49],[-2222.91,854.35],[-2213.78,844.93],[-2205.39,839.22],[-2199.29,837.57],[-2197.37,827.46],[-2188.32,821.25],[-2189.49,811.08],[-2163.02,793.33],[-2162.36,787.05],[-2155.31,777.97],[-2151.96,778.18],[-2151.53,770.74],[-2148.06,765.81],[-2146.23,759.43],[-2143.35,757.7],[-2138.78,760.51],[-2134.14,755.09],[-2130.49,753.51],[-2125.76,753.81],[-2123.84,753.06],[-2119.44,746.51],[-2109.32,741.29],[-2114.13,730.57],[-2114.2,728.62],[-2111.81,726.47],[-2111.09,723.15],[-2111.81,721.99],[-2114.36,721.27],[-2115.31,718.76],[-2116.9,718.82],[-2120.22,722.29],[-2125.69,719.21],[-2127.87,712.99],[-2127.51,707.25],[-2123.66,704.13],[-2119.08,706.4],[-2110.3,706.09],[-2104.51,700.83],[-2104.82,697.36],[-2110.74,691.7],[-2108.65,689.77],[-2103.93,688.9],[-2098.11,691.35],[-2085.28,688.57],[-2082.15,684.43],[-2078.91,682.85],[-2075.91,678.9],[-2075.4,675.76],[-2074.08,674.78],[-2072.82,669.08],[-2067.78,661.89],[-2069.4,658.98],[-2069.71,653.52],[-2071.03,649.72],[-2070.12,648.72],[-2065.11,649.17],[-2063.05,652.1],[-2061.9,652.39],[-2060.4,651.45],[-2055.21,643.76],[-2052.97,643.02],[-2041.29,643.59],[-2037.48,644.71],[-2031.72,634.3],[-2034.95,631.42],[-2034.65,630.02],[-2029.4,630.45],[-2028.68,628.17],[-2029.7,626.01],[-2028.75,625.04],[-2026.11,625.12],[-2026.07,623.32],[-2028.21,622.07],[-2027.81,620.59],[-2025.54,620.44],[-2023.8,617.76],[-2024.32,614.38],[-2022.58,611.6],[-2028.19,604.8],[-2031.32,603.93],[-2035.79,604.48],[-2042.46,611.23],[-2048.24,611.4],[-2049.12,612.41],[-2048.62,615.02],[-2047.51,615.53],[-2046.27,614.7],[-2045.6,615.67],[-2046.69,617.5],[-2052.59,618.03],[-2054.01,621.09],[-2064.74,616.77],[-2065.78,614.18],[-2066.93,613.57],[-2068.2,616.2],[-2069.34,616.4],[-2072.12,613.97],[-2073.68,608.11],[-2077.04,607.28],[-2077.4,605.57],[-2072.2,603.33],[-2072.68,600.7],[-2068.87,599.15],[-2069.41,591.91],[-2071.57,590.37],[-2072.32,587.82],[-2069.0,586.15],[-2068.39,584.25],[-2075.33,583.3],[-2076.32,576.8],[-2080.24,575.02],[-2086.62,575.25],[-2090.81,578.41],[-2091.77,576.79],[-2091.45,571.92],[-2093.1,571.35],[-2097.63,573.53],[-2099.05,572.55],[-2099.2,570.83],[-2096.89,568.78],[-2096.33,566.7],[-2097.12,565.13],[-2098.56,564.78],[-2100.5,565.03],[-2104.58,569.02],[-2104.46,573.31],[-2110.29,571.38],[-2116.6,571.4],[-2118.56,570.62],[-2119.29,568.99],[-2115.11,564.9],[-2112.98,559.2],[-2109.38,556.24],[-2098.25,550.0],[-2096.66,548.54],[-2096.6,544.17],[-2095.38,544.18],[-2095.38,546.91],[-2091.89,548.08],[-2075.11,549.8],[-2028.94,550.94],[-2016.4,549.8],[-2010.7,548.37],[-2006.84,541.73],[-2001.54,543.47],[-1989.27,542.81],[-1985.62,544.1],[-1977.57,543.34],[-1966.12,544.29],[-1962.59,544.14],[-1961.63,543.19],[-1954.27,543.24],[-1953.07,541.75],[-1949.39,540.25],[-1948.91,541.57],[-1946.29,542.39],[-1922.62,541.05],[-1916.65,539.54],[-1912.09,537.26],[-1906.39,536.69],[-1900.12,533.27],[-1897.84,530.99],[-1889.86,528.99],[-1888.9,525.65],[-1886.67,524.52],[-1887.15,522.99],[-1881.35,522.67],[-1880.74,523.86],[-1880.17,522.44],[-1875.04,522.44],[-1869.23,520.88],[-1864.78,521.3],[-1855.81,517.37],[-1846.54,517.88],[-1843.5,516.66],[-1840.32,517.13],[-1839.47,514.77],[-1838.61,515.44],[-1839.35,517.01],[-1834.69,516.04],[-1836.06,513.53],[-1840.16,513.43],[-1840.25,510.98],[-1838.27,512.73],[-1834.72,513.23],[-1833.63,515.82],[-1830.29,516.53],[-1801.9,515.35],[-1788.97,513.53],[-1783.84,513.89],[-1779.77,512.13],[-1773.01,512.75],[-1766.08,511.31],[-1732.79,508.78],[-1692.41,503.72],[-1646.05,495.34],[-1617.75,488.91],[-1605.48,483.22],[-1590.32,479.52],[-1547.98,464.98],[-1543.42,468.47],[-1534.44,488.43],[-1526.35,492.0],[-1522.2,496.19],[-1525.28,511.66],[-1525.04,529.35],[-1517.31,558.72],[-1504.9,586.68],[-1493.03,619.52],[-1501.37,672.41],[-1479.27,670.02],[-1437.24,675.83],[-1406.68,672.51],[-1384.57,680.64],[-1334.63,668.81],[-1303.63,663.18],[-1260.29,659.22],[-1180.63,645.82],[-1138.16,640.97],[-1084.22,627.65],[-1037.05,624.98],[-1011.24,620.88],[-980.49,618.87],[-941.71,624.37],[-859.6,641.11],[-775.77,662.16],[-730.59,670.64],[-715.49,670.2],[-699.24,682.2],[-686.94,694.79],[-643.15,709.77],[-609.68,719.0],[-615.14,730.23]]]}},{"type":"Feature","properties":{"name":"Karabük","iso":"TR-78","inRegion":true},"geometry":{"type":"Polygon","coordinates":[[[132.37,49.53],[150.38,62.9],[175.4,60.45],[214.79,45.74],[253.7,55.19],[285.23,53.09],[298.52,49.63],[324.26,51.9],[347.15,51.15],[368.69,74.37],[421.96,62.26],[424.77,-7.32],[441.32,-36.8],[446.13,-52.08],[517.75,-22.18],[543.88,-13.48],[593.89,13.88],[633.01,25.4],[675.26,15.41],[702.79,19.23],[728.21,29.36],[758.53,24.53],[783.89,23.94],[810.35,-1.3],[810.63,-48.79],[805.76,-78.87],[775.01,-134.9],[758.88,-188.58],[734.87,-232.58],[725.04,-260.96],[745.79,-294.02],[731.1,-314.31],[721.19,-337.53],[730.61,-352.9],[757.8,-375.32],[790.75,-391.49],[811.82,-426.47],[849.26,-419.17],[856.56,-413.76],[875.02,-371.99],[920.21,-367.87],[941.65,-370.71],[974.52,-382.77],[988.06,-389.29],[994.17,-396.84],[990.99,-406.03],[978.38,-430.15],[964.38,-445.42],[930.96,-463.4],[931.64,-474.73],[936.58,-481.12],[946.53,-481.09],[974.35,-470.93],[1006.09,-480.88],[1038.2,-484.19],[1063.94,-496.13],[1073.15,-507.61],[1109.61,-528.0],[1134.06,-531.95],[1148.87,-517.9],[1148.91,-501.69],[1157.02,-495.76],[1172.19,-492.92],[1189.23,-494.43],[1204.63,-505.12],[1209.79,-512.57],[1214.94,-526.26],[1239.48,-548.1],[1246.21,-551.49],[1260.3,-550.14],[1264.48,-548.51],[1273.97,-548.46],[1284.18,-554.12],[1303.24,-555.15],[1312.11,-549.98],[1304.86,-536.3],[1297.07,-527.57],[1297.81,-521.68],[1300.6,-516.66],[1310.59,-516.77],[1322.74,-511.94],[1326.99,-511.88],[1329.49,-514.61],[1331.19,-524.26],[1344.68,-534.76],[1360.82,-535.32],[1384.05,-541.51],[1391.52,-549.43],[1396.8,-548.95],[1400.22,-542.07],[1408.47,-497.49],[1406.57,-492.74],[1405.92,-487.47],[1403.26,-481.66],[1410.6,-470.8],[1411.01,-464.89],[1415.88,-452.42],[1416.5,-442.05],[1411.89,-429.32],[1407.24,-410.68],[1383.86,-388.57],[1406.11,-373.93],[1417.4,-343.59],[1417.08,-333.46],[1426.64,-324.58],[1457.19,-317.44],[1492.89,-311.08],[1498.09,-305.66],[1484.76,-278.21],[1483.9,-266.64],[1499.3,-254.82],[1507.69,-235.83],[1519.39,-222.2],[1527.59,-215.77],[1526.48,-196.6],[1532.94,-177.01],[1535.98,-133.02],[1525.72,-112.11],[1542.62,-90.98],[1547.98,-76.7],[1528.45,-40.25],[1524.07,-26.14],[1476.71,-4.06],[1457.74,13.21],[1443.69,32.68],[1432.85,42.09],[1410.31,46.03],[1361.37,50.25],[1336.63,45.33],[1328.77,51.05],[1322.59,68.65],[1304.21,87.97],[1286.85,96.76],[1278.4,99.95],[1269.24,108.02],[1269.46,124.85],[1264.07,134.86],[1244.66,153.67],[1215.56,184.77],[1209.76,198.49],[1209.49,207.55],[1218.74,222.92],[1217.7,228.3],[1206.77,242.13],[1203.47,257.4],[1201.7,285.82],[1192.98,309.41],[1195.15,334.46],[1229.44,355.33],[1248.09,368.69],[1261.65,385.58],[1257.17,396.02],[1245.47,401.25],[1251.78,411.79],[1262.71,414.23],[1282.3,407.29],[1292.67,412.17],[1303.61,420.21],[1313.12,421.64],[1335.3,418.2],[1345.1,426.81],[1352.88,440.58],[1369.6,453.21],[1383.44,468.99],[1397.86,489.08],[1402.47,501.14],[1418.33,506.87],[1421.51,522.09],[1419.51,537.03],[1414.03,543.35],[1416.05,549.38],[1411.16,560.59],[1418.67,572.93],[1416.94,585.29],[1442.52,610.81],[1437.31,616.99],[1436.27,635.95],[1424.97,650.09],[1394.77,661.2],[1386.17,674.78],[1385.72,690.39],[1395.22,711.81],[1393.45,729.65],[1394.41,744.93],[1393.7,755.4],[1397.22,763.6],[1407.12,767.67],[1380.42,770.38],[1356.19,767.16],[1316.71,785.62],[1315.16,815.16],[1271.76,831.34],[1205.12,846.03],[1137.87,864.9],[1084.93,860.0],[1063.96,853.75],[1038.73,828.82],[1028.64,841.86],[1022.76,851.26],[1012.69,853.57],[1001.61,850.99],[991.58,851.45],[989.4,854.14],[987.42,854.31],[983.93,857.01],[979.9,855.66],[975.76,846.16],[958.35,853.83],[954.59,869.16],[952.1,902.59],[945.01,913.26],[936.86,936.97],[908.83,970.66],[897.19,1022.39],[869.09,1030.69],[772.35,1069.33],[745.92,1076.97],[680.78,1099.49],[628.18,1124.27],[596.47,1135.9],[563.47,1106.25],[534.18,1088.52],[513.46,1046.0],[512.93,1028.87],[508.98,1016.16],[498.51,1010.24],[484.26,1011.27],[463.08,1008.14],[434.91,1020.43],[398.19,1043.57],[366.14,1061.45],[339.52,1071.63],[316.63,1071.04],[284.77,1067.92],[265.92,1059.47],[190.81,1037.47],[182.67,1012.15],[228.89,971.15],[278.7,945.41],[291.85,920.5],[312.88,909.43],[315.39,890.36],[310.06,830.09],[252.13,860.47],[227.39,857.03],[224.04,841.56],[215.59,819.32],[233.26,785.55],[236.25,756.62],[262.01,727.71],[188.0,686.76],[100.26,672.87],[33.67,677.19],[-74.51,635.39],[-98.99,675.72],[-163.24,677.57],[-172.26,718.94],[-193.7,725.38],[-222.42,724.68],[-264.12,713.5],[-289.6,690.95],[-300.49,698.43],[-316.36,696.35],[-351.74,676.96],[-394.61,637.21],[-406.27,612.39],[-395.37,578.55],[-375.17,552.37],[-320.55,501.38],[-304.92,478.01],[-283.39,458.52],[-270.69,428.25],[-263.53,392.34],[-257.11,382.62],[-248.11,382.51],[-209.17,386.11],[-197.88,378.33],[-193.98,359.94],[-187.51,340.94],[-156.6,279.07],[-142.8,257.33],[-114.4,234.18],[-89.72,211.67],[-65.18,194.27],[-33.0,186.49],[4.99,180.67],[47.96,186.9],[59.97,177.01],[55.11,142.59],[45.58,123.2],[48.64,108.84],[75.55,95.74],[100.88,73.31],[111.34,60.93],[120.03,33.91],[132.37,49.53]]]}},{"type":"Feature","properties":{"name":"Zonguldak","iso":"TR-67","inRegion":true},"geometry":{"type":"MultiPolygon","coordinates":[[[[-643.15,709.77],[-686.94,694.79],[-699.24,682.2],[-715.49,670.2],[-730.59,670.64],[-775.77,662.16],[-859.6,641.11],[-941.71,624.37],[-980.49,618.87],[-1011.24,620.88],[-1037.05,624.98],[-1084.22,627.65],[-1138.16,640.97],[-1180.63,645.82],[-1260.29,659.22],[-1303.63,663.18],[-1334.63,668.81],[-1384.57,680.64],[-1406.68,672.51],[-1437.24,675.83],[-1479.27,670.02],[-1501.37,672.41],[-1493.03,619.52],[-1504.9,586.68],[-1517.31,558.72],[-1525.04,529.35],[-1525.28,511.66],[-1522.2,496.19],[-1526.35,492.0],[-1534.44,488.43],[-1543.42,468.47],[-1547.98,464.98],[-1520.98,453.32],[-1506.23,444.38],[-1503.44,441.75],[-1493.6,436.62],[-1486.14,430.48],[-1471.29,421.51],[-1465.02,416.52],[-1463.72,413.72],[-1464.13,411.24],[-1465.78,410.8],[-1464.83,409.65],[-1466.43,406.78],[-1465.79,405.27],[-1461.94,406.41],[-1458.23,400.64],[-1459.15,384.87],[-1457.56,380.53],[-1449.6,375.86],[-1446.95,371.49],[-1442.37,368.97],[-1440.64,366.04],[-1432.47,359.38],[-1428.47,352.7],[-1405.41,335.25],[-1397.51,327.81],[-1394.53,323.67],[-1395.19,313.08],[-1393.58,307.73],[-1390.37,301.93],[-1390.25,299.83],[-1392.39,297.14],[-1392.36,294.85],[-1386.78,288.94],[-1386.08,289.13],[-1386.17,290.18],[-1391.85,296.01],[-1387.96,299.98],[-1386.26,298.24],[-1385.7,295.42],[-1387.28,293.04],[-1383.56,295.61],[-1378.54,290.51],[-1375.03,285.05],[-1367.77,279.07],[-1359.67,269.57],[-1354.32,262.77],[-1348.45,252.47],[-1346.92,244.1],[-1347.68,237.38],[-1354.74,233.61],[-1358.19,230.01],[-1360.03,230.49],[-1358.94,228.43],[-1362.25,218.27],[-1361.07,216.51],[-1361.16,214.61],[-1363.22,214.43],[-1359.71,214.26],[-1359.43,213.27],[-1364.32,212.51],[-1363.93,207.59],[-1365.94,203.86],[-1365.97,195.09],[-1365.2,195.06],[-1364.4,202.37],[-1364.87,205.54],[-1363.74,206.42],[-1362.92,205.3],[-1362.98,200.85],[-1357.44,200.5],[-1356.68,191.89],[-1357.3,191.2],[-1360.89,191.41],[-1360.14,187.37],[-1361.53,187.21],[-1362.42,191.63],[-1363.3,186.87],[-1365.35,185.77],[-1371.42,193.68],[-1371.52,196.14],[-1372.29,195.76],[-1372.22,193.77],[-1366.39,185.4],[-1363.33,185.81],[-1361.76,184.65],[-1357.26,184.18],[-1356.39,182.08],[-1358.37,179.61],[-1357.21,177.75],[-1353.18,174.97],[-1353.81,173.33],[-1357.37,171.9],[-1358.63,166.9],[-1355.17,144.74],[-1351.25,140.53],[-1356.44,126.89],[-1356.61,118.63],[-1355.73,118.94],[-1355.79,126.87],[-1350.35,140.76],[-1348.58,139.14],[-1339.81,136.39],[-1344.24,124.01],[-1337.7,139.88],[-1332.64,143.43],[-1329.09,131.95],[-1330.35,130.03],[-1336.3,129.96],[-1337.47,129.06],[-1328.94,129.1],[-1327.05,128.03],[-1327.11,115.87],[-1328.34,108.17],[-1330.09,104.61],[-1334.31,101.95],[-1338.54,96.45],[-1340.71,96.93],[-1341.83,100.45],[-1338.7,101.52],[-1338.89,102.18],[-1343.52,100.08],[-1346.91,99.64],[-1346.75,98.85],[-1345.76,99.66],[-1343.23,99.36],[-1341.99,96.04],[-1344.18,95.83],[-1341.63,95.81],[-1340.96,93.78],[-1344.26,86.3],[-1345.28,85.46],[-1347.82,85.64],[-1350.02,82.74],[-1357.84,86.19],[-1356.93,88.58],[-1358.1,86.25],[-1361.95,88.15],[-1359.88,103.12],[-1362.67,87.05],[-1363.83,86.41],[-1368.49,87.48],[-1370.53,78.42],[-1373.56,74.86],[-1373.35,71.96],[-1374.99,70.29],[-1373.1,69.6],[-1372.82,64.39],[-1370.5,58.85],[-1372.36,54.99],[-1373.23,55.65],[-1372.6,50.16],[-1373.3,47.6],[-1372.54,45.76],[-1369.66,45.35],[-1363.54,37.31],[-1363.97,32.36],[-1365.73,30.5],[-1365.53,29.57],[-1362.73,28.35],[-1358.62,24.08],[-1354.4,21.28],[-1351.2,21.9],[-1350.27,21.01],[-1348.21,21.61],[-1342.54,26.78],[-1340.39,27.07],[-1322.7,24.16],[-1319.08,20.65],[-1316.14,20.66],[-1313.31,18.27],[-1313.59,15.42],[-1314.92,14.63],[-1313.77,12.31],[-1314.72,11.52],[-1308.93,8.02],[-1306.18,4.59],[-1302.19,3.17],[-1299.91,4.02],[-1297.63,0.03],[-1294.21,1.46],[-1288.51,1.74],[-1288.51,2.88],[-1287.94,1.74],[-1281.67,2.6],[-1273.12,-0.25],[-1266.28,-0.54],[-1266.28,-2.25],[-1258.05,2.68],[-1254.24,1.29],[-1255.14,0.27],[-1253.78,-0.6],[-1252.83,0.53],[-1252.87,-0.93],[-1252.19,0.62],[-1251.7,-0.08],[-1248.98,0.32],[-1245.36,-2.7],[-1245.53,-5.0],[-1244.23,-8.51],[-1244.82,-11.53],[-1242.34,-14.5],[-1243.15,-14.79],[-1241.17,-15.86],[-1240.92,-17.07],[-1242.6,-17.07],[-1242.51,-17.83],[-1239.51,-20.38],[-1239.98,-21.53],[-1235.18,-22.97],[-1234.37,-24.88],[-1227.54,-26.98],[-1225.53,-29.04],[-1225.23,-32.05],[-1216.69,-39.87],[-1216.92,-41.09],[-1212.52,-43.48],[-1213.07,-45.28],[-1212.21,-47.48],[-1205.7,-49.93],[-1199.86,-50.49],[-1196.49,-53.93],[-1191.99,-56.28],[-1189.23,-56.51],[-1186.78,-60.24],[-1182.47,-60.07],[-1181.51,-61.4],[-1171.42,-62.45],[-1164.83,-65.85],[-1163.58,-67.73],[-1161.54,-67.73],[-1158.61,-70.3],[-1154.89,-70.63],[-1150.37,-73.95],[-1147.5,-74.48],[-1143.09,-72.9],[-1140.8,-77.41],[-1138.36,-79.46],[-1134.36,-79.32],[-1132.78,-80.83],[-1129.24,-81.27],[-1128.93,-79.77],[-1126.12,-80.19],[-1124.84,-77.71],[-1123.65,-78.36],[-1122.86,-76.22],[-1119.37,-76.11],[-1108.91,-80.09],[-1108.86,-81.2],[-1108.31,-80.1],[-1105.13,-81.69],[-1100.23,-86.61],[-1095.51,-89.66],[-1093.22,-93.47],[-1090.04,-96.13],[-1089.18,-94.54],[-1084.96,-93.66],[-1080.46,-96.89],[-1079.47,-95.87],[-1072.62,-96.52],[-1064.15,-95.23],[-1058.9,-95.85],[-1055.17,-97.65],[-1047.68,-97.83],[-1044.99,-94.95],[-1041.72,-94.76],[-1036.8,-99.92],[-1033.52,-101.67],[-1034.42,-108.19],[-1033.31,-109.36],[-1030.54,-109.93],[-1029.37,-108.68],[-1026.21,-109.07],[-1025.87,-107.3],[-1024.08,-106.58],[-1014.28,-104.5],[-1011.84,-106.05],[-1012.18,-107.99],[-1001.73,-112.78],[-996.82,-113.0],[-995.71,-113.71],[-995.23,-116.68],[-993.26,-114.97],[-991.51,-115.41],[-990.46,-116.79],[-991.35,-118.2],[-988.4,-117.17],[-987.87,-117.88],[-988.15,-121.62],[-986.49,-120.39],[-983.71,-122.27],[-983.45,-126.32],[-980.35,-127.4],[-979.42,-130.06],[-975.87,-131.46],[-975.4,-134.72],[-973.5,-133.87],[-973.64,-133.05],[-971.96,-132.86],[-970.18,-134.49],[-966.53,-135.19],[-965.1,-139.0],[-963.14,-139.56],[-960.86,-138.41],[-960.59,-142.36],[-957.77,-143.01],[-955.17,-145.15],[-955.09,-150.04],[-949.85,-152.4],[-949.47,-153.62],[-947.97,-152.24],[-944.68,-152.06],[-935.3,-157.05],[-934.05,-156.41],[-932.37,-157.09],[-931.73,-159.59],[-930.18,-159.26],[-927.59,-160.99],[-925.42,-160.14],[-925.42,-161.85],[-924.28,-161.85],[-924.28,-164.13],[-923.14,-162.99],[-922.57,-164.7],[-919.72,-166.12],[-918.01,-165.84],[-918.01,-166.98],[-915.73,-167.55],[-916.3,-166.41],[-911.74,-166.41],[-911.17,-168.68],[-910.0,-168.04],[-908.9,-168.46],[-909.11,-169.78],[-905.4,-170.21],[-900.16,-172.91],[-898.29,-177.03],[-892.07,-176.23],[-887.19,-177.9],[-886.88,-175.6],[-887.8,-173.68],[-886.26,-172.49],[-883.59,-172.59],[-881.51,-178.37],[-875.83,-180.79],[-868.16,-188.46],[-863.42,-189.65],[-862.93,-191.04],[-860.12,-191.71],[-860.04,-192.88],[-857.29,-195.45],[-855.3,-195.1],[-853.6,-196.37],[-851.04,-195.7],[-848.29,-196.81],[-846.9,-199.9],[-844.47,-201.78],[-846.12,-202.69],[-845.9,-203.43],[-836.04,-205.1],[-835.71,-205.81],[-831.94,-205.45],[-826.22,-210.35],[-825.1,-209.44],[-824.62,-210.73],[-822.36,-211.32],[-822.21,-208.09],[-819.97,-208.02],[-819.06,-212.39],[-819.9,-214.89],[-818.93,-216.58],[-820.06,-217.23],[-817.15,-220.51],[-817.2,-221.76],[-809.37,-225.76],[-806.36,-229.79],[-797.92,-234.34],[-784.91,-238.26],[-778.95,-231.73],[-774.37,-231.84],[-779.1,-232.3],[-782.88,-238.4],[-784.2,-238.97],[-779.47,-238.67],[-767.64,-245.71],[-765.87,-250.84],[-767.32,-256.62],[-766.07,-267.35],[-763.68,-271.51],[-760.12,-274.42],[-743.58,-277.38],[-740.21,-274.73],[-730.35,-273.22],[-729.54,-272.2],[-726.74,-273.28],[-725.12,-272.16],[-718.96,-275.52],[-717.45,-279.36],[-715.68,-277.54],[-716.72,-275.24],[-708.19,-269.39],[-707.32,-270.88],[-709.47,-275.97],[-708.64,-276.18],[-706.88,-273.44],[-707.57,-274.73],[-706.5,-276.99],[-707.3,-281.87],[-705.76,-285.82],[-707.15,-288.02],[-711.39,-283.45],[-720.92,-282.51],[-719.5,-283.37],[-711.74,-284.01],[-707.17,-289.61],[-706.81,-291.1],[-708.15,-291.78],[-707.8,-295.46],[-705.67,-297.25],[-697.57,-300.88],[-698.21,-297.25],[-692.29,-297.79],[-691.15,-298.08],[-690.01,-300.36],[-686.96,-301.05],[-685.45,-303.43],[-685.7,-304.44],[-687.71,-305.15],[-687.39,-306.72],[-684.98,-305.77],[-683.99,-306.36],[-684.33,-307.8],[-683.69,-307.01],[-683.04,-308.27],[-681.01,-308.93],[-680.49,-310.67],[-680.96,-312.18],[-682.16,-312.29],[-682.99,-315.32],[-676.02,-316.36],[-674.95,-317.88],[-673.28,-317.15],[-670.49,-318.05],[-669.9,-319.1],[-662.07,-320.66],[-658.61,-323.44],[-657.07,-326.53],[-649.58,-330.15],[-646.31,-333.58],[-636.69,-339.82],[-632.76,-345.52],[-633.8,-352.82],[-628.93,-355.12],[-628.75,-357.18],[-628.21,-356.63],[-624.82,-357.75],[-614.19,-363.21],[-614.56,-366.08],[-613.03,-364.65],[-607.86,-370.74],[-610.75,-371.88],[-616.69,-365.85],[-617.46,-366.49],[-611.2,-372.27],[-603.85,-374.31],[-582.04,-383.14],[-580.68,-385.0],[-577.18,-386.47],[-571.57,-391.18],[-571.29,-394.5],[-568.01,-393.55],[-559.25,-396.62],[-556.61,-398.6],[-556.12,-400.27],[-547.85,-402.5],[-540.41,-408.17],[-531.21,-410.76],[-527.0,-413.08],[-525.81,-414.03],[-526.08,-416.51],[-524.93,-419.14],[-525.48,-415.41],[-524.19,-413.93],[-520.63,-414.61],[-518.9,-416.48],[-515.86,-416.81],[-518.38,-419.91],[-519.42,-419.88],[-519.05,-420.77],[-519.92,-421.52],[-523.44,-422.88],[-526.41,-421.93],[-524.77,-423.46],[-519.01,-421.51],[-515.26,-417.54],[-510.38,-417.63],[-510.82,-416.66],[-509.32,-415.16],[-511.96,-411.0],[-508.96,-414.56],[-508.91,-417.37],[-513.61,-428.67],[-510.66,-422.96],[-504.12,-422.59],[-501.57,-425.15],[-500.58,-424.88],[-500.6,-432.12],[-501.82,-433.58],[-509.56,-436.15],[-514.25,-434.37],[-514.63,-435.18],[-510.61,-436.82],[-497.11,-433.12],[-481.79,-434.25],[-471.8,-437.39],[-467.61,-440.36],[-463.62,-439.17],[-457.44,-440.67],[-455.44,-443.33],[-454.0,-442.56],[-447.27,-443.51],[-444.31,-446.71],[-438.64,-447.99],[-438.52,-449.08],[-432.62,-449.11],[-420.55,-452.52],[-418.0,-454.72],[-416.08,-458.34],[-408.95,-461.34],[-405.0,-464.19],[-393.41,-465.6],[-387.72,-467.82],[-384.17,-467.5],[-357.67,-473.99],[-345.96,-479.0],[-337.72,-488.0],[-319.51,-503.1],[-316.79,-506.91],[-316.88,-511.77],[-314.12,-509.1],[-312.2,-510.16],[-311.32,-511.17],[-312.09,-514.37],[-313.91,-516.53],[-315.59,-516.15],[-319.39,-510.68],[-320.34,-510.73],[-315.28,-517.08],[-309.87,-515.29],[-303.51,-521.97],[-300.73,-527.72],[-300.32,-530.36],[-301.58,-533.46],[-300.64,-534.19],[-275.65,-542.18],[-270.35,-548.05],[-266.0,-548.23],[-250.42,-554.44],[-239.86,-557.29],[-199.4,-564.63],[-196.53,-566.36],[-192.4,-565.41],[-190.12,-566.83],[-166.23,-536.89],[-150.75,-506.57],[-137.29,-494.71],[-131.14,-487.36],[-98.74,-476.85],[-89.24,-468.8],[-84.94,-452.63],[-87.28,-432.34],[-85.28,-418.36],[-80.53,-410.93],[-69.57,-401.53],[-59.3,-401.67],[-50.36,-416.59],[-48.99,-426.71],[-32.82,-443.27],[-8.41,-455.77],[8.96,-459.42],[19.77,-453.93],[26.04,-430.36],[23.02,-402.12],[40.26,-362.73],[38.93,-325.16],[43.09,-304.22],[61.03,-266.29],[66.71,-259.47],[81.62,-249.17],[97.49,-227.06],[129.09,-199.12],[120.26,-186.87],[109.38,-179.71],[105.27,-167.01],[105.02,-154.88],[114.25,-127.89],[138.88,-107.8],[124.21,-48.67],[120.34,-41.87],[120.9,-36.41],[116.08,-25.45],[115.98,-20.0],[112.84,-15.55],[115.34,-8.07],[112.87,7.05],[120.03,33.91],[111.34,60.93],[100.88,73.31],[75.55,95.74],[48.64,108.84],[45.58,123.2],[55.11,142.59],[59.97,177.01],[47.96,186.9],[4.99,180.67],[-33.0,186.49],[-65.18,194.27],[-89.72,211.67],[-114.4,234.18],[-142.8,257.33],[-156.6,279.07],[-187.51,340.94],[-193.98,359.94],[-197.88,378.33],[-209.17,386.11],[-248.11,382.51],[-257.11,382.62],[-263.53,392.34],[-270.69,428.25],[-283.39,458.52],[-304.92,478.01],[-320.55,501.38],[-375.17,552.37],[-395.37,578.55],[-406.27,612.39],[-394.61,637.21],[-425.63,641.33],[-457.68,660.52],[-486.21,712.62],[-529.51,712.19],[-542.36,722.79],[-556.98,719.69],[-609.68,719.0],[-643.15,709.77]]],[[[-1348.34,242.27],[-1348.07,242.15],[-1347.94,242.58],[-1348.34,242.27]]],[[[-1333.7,102.73],[-1333.83,102.64],[-1333.55,102.65],[-1333.7,102.73]]],[[[-1334.7,101.88],[-1334.78,101.64],[-1334.56,101.83],[-1334.7,101.88]]],[[[-1082.45,-96.84],[-1082.74,-96.57],[-1083.24,-96.87],[-1082.45,-96.84]]],[[[-1049.45,-100.89],[-1049.39,-100.73],[-1049.69,-100.79],[-1049.45,-100.89]]]]}},{"type":"Feature","properties":{"name":"Ankara","iso":"TR-06","inRegion":false},"geometry":{"type":"Polygon","coordinates":[[[-2223.41,2845.83],[-2229.99,2845.39],[-2237.19,2846.24],[-2245.21,2844.3],[-2253.74,2833.3],[-2259.9,2827.03],[-2262.97,2820.53],[-2264.82,2812.32],[-2269.19,2810.9],[-2275.89,2815.56],[-2279.2,2819.42],[-2283.51,2821.8],[-2290.11,2822.22],[-2313.69,2792.94],[-2328.1,2793.22],[-2337.15,2791.69],[-2341.06,2789.99],[-2348.5,2776.53],[-2348.57,2773.32],[-2350.38,2769.49],[-2355.79,2763.08],[-2349.54,2764.84],[-2349.41,2759.73],[-2347.41,2755.7],[-2345.47,2754.14],[-2345.32,2747.87],[-2352.51,2739.38],[-2356.99,2730.67],[-2358.15,2722.42],[-2368.25,2715.32],[-2370.76,2707.94],[-2361.44,2704.52],[-2360.16,2700.18],[-2356.14,2697.5],[-2351.44,2696.6],[-2344.21,2700.27],[-2322.48,2691.9],[-2320.22,2689.18],[-2321.71,2684.34],[-2318.67,2679.6],[-2315.3,2679.53],[-2319.11,2685.42],[-2311.79,2685.59],[-2306.7,2680.9],[-2307.06,2671.56],[-2310.44,2666.09],[-2313.21,2665.58],[-2311.18,2659.95],[-2314.84,2648.05],[-2318.2,2647.68],[-2325.06,2659.03],[-2325.53,2654.21],[-2321.4,2640.6],[-2321.01,2636.68],[-2328.81,2626.57],[-2334.41,2621.92],[-2338.94,2621.67],[-2335.88,2616.2],[-2339.69,2610.13],[-2347.0,2585.91],[-2339.78,2577.63],[-2340.16,2575.29],[-2336.64,2574.94],[-2316.7,2560.99],[-2305.13,2560.4],[-2297.81,2554.16],[-2291.47,2551.98],[-2287.2,2546.95],[-2284.32,2546.32],[-2276.88,2547.38],[-2271.54,2544.3],[-2268.83,2546.98],[-2263.91,2543.17],[-2255.49,2533.31],[-2251.35,2534.36],[-2249.69,2536.95],[-2228.97,2543.85],[-2215.05,2555.1],[-2211.06,2553.44],[-2206.7,2548.45],[-2202.74,2547.95],[-2195.21,2544.63],[-2183.51,2532.23],[-2179.18,2521.99],[-2170.62,2506.02],[-2172.27,2495.06],[-2171.87,2484.29],[-2173.38,2479.74],[-2172.96,2467.81],[-2161.96,2459.91],[-2154.81,2460.66],[-2143.73,2455.38],[-2134.4,2456.76],[-2131.7,2459.88],[-2127.2,2461.15],[-2117.41,2461.52],[-2109.63,2460.09],[-2098.39,2460.64],[-2066.56,2455.68],[-2017.95,2451.52],[-2006.36,2449.74],[-1998.76,2443.06],[-1974.27,2439.08],[-1969.97,2436.41],[-1961.01,2427.29],[-1958.74,2423.7],[-1963.69,2422.87],[-1967.97,2411.57],[-1972.49,2411.03],[-1972.67,2399.09],[-1968.34,2394.97],[-1966.18,2389.78],[-1962.26,2384.04],[-1953.8,2378.11],[-1955.78,2368.32],[-1960.43,2360.66],[-1956.65,2354.63],[-1967.77,2355.4],[-1971.06,2352.42],[-1969.23,2348.68],[-1969.12,2337.19],[-1983.71,2336.44],[-1987.88,2333.58],[-1986.33,2329.54],[-1978.13,2321.58],[-1979.62,2316.45],[-1985.13,2314.73],[-1987.47,2307.99],[-1985.71,2301.05],[-1985.89,2289.12],[-1983.89,2277.82],[-1979.09,2265.42],[-1975.54,2249.94],[-1969.03,2245.87],[-1967.39,2237.62],[-1971.37,2232.88],[-1977.09,2234.06],[-1978.24,2226.77],[-1971.04,2217.91],[-1968.32,2220.3],[-1969.34,2213.3],[-1965.17,2209.76],[-1961.59,2199.52],[-1966.84,2198.97],[-1970.28,2196.56],[-1970.51,2193.36],[-1972.38,2192.16],[-1964.8,2185.79],[-1966.39,2178.78],[-1964.21,2163.54],[-1961.67,2158.2],[-1959.81,2159.67],[-1952.81,2159.38],[-1893.05,2147.89],[-1878.17,2147.62],[-1867.53,2147.99],[-1853.05,2152.95],[-1849.67,2152.0],[-1845.94,2154.7],[-1841.15,2155.96],[-1836.92,2155.76],[-1830.73,2159.81],[-1812.06,2159.91],[-1807.5,2157.97],[-1802.27,2158.81],[-1796.23,2163.0],[-1765.15,2162.48],[-1759.56,2159.83],[-1756.5,2160.19],[-1739.67,2157.33],[-1737.4,2160.72],[-1737.94,2165.36],[-1729.3,2171.06],[-1732.56,2173.31],[-1732.75,2175.64],[-1735.12,2177.48],[-1732.15,2182.19],[-1729.88,2184.99],[-1722.05,2187.62],[-1716.6,2192.24],[-1703.75,2191.62],[-1694.97,2197.32],[-1687.47,2194.57],[-1684.35,2191.43],[-1679.38,2190.95],[-1671.87,2187.61],[-1664.19,2189.94],[-1654.86,2190.27],[-1628.73,2182.22],[-1606.56,2182.07],[-1605.45,2192.7],[-1602.3,2195.52],[-1598.48,2194.14],[-1590.68,2197.92],[-1579.47,2199.16],[-1575.78,2204.75],[-1572.1,2202.79],[-1561.57,2209.38],[-1554.0,2210.25],[-1549.04,2209.91],[-1546.33,2198.19],[-1544.68,2180.21],[-1542.39,2174.88],[-1536.36,2172.23],[-1536.15,2168.6],[-1533.14,2164.16],[-1528.41,2160.61],[-1522.82,2157.96],[-1515.41,2159.41],[-1506.96,2159.71],[-1505.25,2162.07],[-1506.91,2164.94],[-1505.82,2169.18],[-1502.62,2169.53],[-1503.88,2174.59],[-1501.52,2180.73],[-1492.45,2187.3],[-1486.42,2184.79],[-1481.99,2181.68],[-1467.96,2180.2],[-1444.4,2167.85],[-1437.7,2160.27],[-1435.95,2152.75],[-1430.42,2145.44],[-1428.29,2140.4],[-1429.16,2132.1],[-1433.23,2123.32],[-1423.41,2120.59],[-1396.0,2136.48],[-1388.61,2139.38],[-1373.16,2139.51],[-1366.63,2133.09],[-1361.51,2132.31],[-1357.45,2133.54],[-1353.87,2137.24],[-1338.83,2135.76],[-1336.03,2138.8],[-1337.69,2142.02],[-1337.98,2146.83],[-1331.45,2152.21],[-1345.93,2165.99],[-1346.31,2170.93],[-1322.52,2186.89],[-1321.0,2191.71],[-1320.66,2205.37],[-1319.45,2211.5],[-1315.35,2210.12],[-1317.26,2219.24],[-1321.92,2219.01],[-1322.56,2222.05],[-1327.16,2226.62],[-1329.33,2225.71],[-1331.43,2228.73],[-1337.99,2228.76],[-1337.14,2221.94],[-1332.91,2221.87],[-1332.42,2218.54],[-1336.97,2212.06],[-1333.26,2208.79],[-1337.01,2206.1],[-1339.56,2201.85],[-1356.63,2201.83],[-1365.98,2202.97],[-1363.15,2207.67],[-1367.91,2212.97],[-1374.12,2217.65],[-1375.7,2224.16],[-1380.6,2229.16],[-1389.55,2232.05],[-1398.17,2232.33],[-1396.92,2236.28],[-1400.33,2238.98],[-1405.6,2240.19],[-1404.53,2245.59],[-1416.57,2241.3],[-1422.7,2241.77],[-1423.45,2250.77],[-1410.04,2267.43],[-1408.63,2278.65],[-1405.25,2285.11],[-1396.86,2289.48],[-1389.81,2294.99],[-1386.96,2298.82],[-1374.62,2302.53],[-1372.92,2346.62],[-1377.11,2352.07],[-1374.33,2351.68],[-1357.41,2344.57],[-1351.11,2343.23],[-1341.81,2345.72],[-1337.05,2349.15],[-1331.96,2350.11],[-1328.21,2352.65],[-1316.73,2356.19],[-1311.38,2367.48],[-1308.12,2364.49],[-1307.9,2360.13],[-1305.64,2356.24],[-1304.92,2348.4],[-1307.53,2339.19],[-1314.35,2303.16],[-1315.07,2294.42],[-1313.41,2291.4],[-1309.21,2293.07],[-1308.13,2298.18],[-1299.95,2298.03],[-1294.76,2301.61],[-1292.04,2304.85],[-1279.32,2311.76],[-1273.5,2312.73],[-1264.28,2311.73],[-1242.35,2302.52],[-1228.9,2308.79],[-1220.54,2296.78],[-1219.09,2292.62],[-1213.69,2284.13],[-1212.78,2278.59],[-1219.16,2271.72],[-1219.49,2269.68],[-1216.16,2266.68],[-1208.98,2269.49],[-1203.14,2273.3],[-1206.05,2277.54],[-1205.76,2281.68],[-1202.38,2280.07],[-1202.52,2284.43],[-1204.6,2286.57],[-1204.4,2294.16],[-1201.29,2297.97],[-1195.63,2299.66],[-1196.69,2293.39],[-1193.39,2288.36],[-1163.38,2291.62],[-1158.93,2296.05],[-1152.24,2297.62],[-1144.21,2315.19],[-1140.92,2318.44],[-1128.4,2324.96],[-1108.89,2333.22],[-1103.0,2339.13],[-1081.12,2345.82],[-1077.43,2354.85],[-1075.53,2350.82],[-1059.65,2345.87],[-1054.86,2345.63],[-1040.57,2333.28],[-1035.74,2332.49],[-1026.59,2326.87],[-996.23,2312.07],[-987.99,2306.05],[-953.95,2272.41],[-934.88,2256.65],[-909.64,2254.89],[-893.63,2245.41],[-894.35,2261.44],[-892.47,2267.93],[-886.99,2267.43],[-879.17,2264.58],[-854.44,2251.05],[-850.89,2247.76],[-844.48,2248.58],[-836.49,2240.55],[-831.2,2237.72],[-824.69,2231.28],[-820.31,2231.05],[-815.13,2225.75],[-810.72,2223.63],[-806.28,2218.61],[-788.03,2217.27],[-783.63,2215.88],[-775.84,2221.94],[-769.26,2221.01],[-765.55,2226.88],[-761.34,2227.81],[-756.16,2233.26],[-748.58,2233.21],[-739.05,2240.46],[-737.12,2238.17],[-733.48,2238.65],[-732.24,2243.9],[-722.34,2245.63],[-718.49,2240.89],[-716.91,2243.38],[-713.28,2244.16],[-711.1,2255.96],[-706.91,2259.06],[-693.39,2262.3],[-679.03,2268.45],[-677.12,2267.46],[-673.83,2272.44],[-671.35,2272.62],[-665.33,2269.94],[-661.2,2266.36],[-653.65,2268.78],[-645.73,2277.31],[-644.17,2280.53],[-645.1,2284.3],[-638.47,2279.73],[-631.48,2280.84],[-625.3,2276.42],[-625.24,2272.06],[-619.79,2268.35],[-612.21,2268.45],[-610.35,2260.04],[-606.54,2258.49],[-603.58,2255.62],[-601.25,2255.36],[-595.22,2251.81],[-594.74,2248.18],[-591.78,2245.46],[-575.55,2241.89],[-570.39,2237.59],[-565.65,2231.84],[-563.0,2230.13],[-565.44,2226.61],[-562.47,2222.73],[-564.38,2212.39],[-560.84,2208.95],[-541.86,2206.71],[-534.48,2199.83],[-531.74,2190.86],[-529.11,2190.46],[-524.91,2192.69],[-522.41,2190.68],[-510.09,2185.02],[-495.67,2185.93],[-497.74,2188.66],[-495.87,2190.86],[-487.01,2193.29],[-486.17,2196.35],[-480.87,2191.91],[-472.51,2188.38],[-459.0,2180.12],[-450.21,2176.45],[-439.14,2176.87],[-439.21,2170.91],[-437.27,2166.87],[-436.07,2151.92],[-430.06,2148.51],[-411.84,2149.01],[-399.8,2141.6],[-390.88,2138.8],[-382.22,2133.38],[-374.54,2124.32],[-370.15,2123.21],[-365.9,2120.5],[-360.65,2120.7],[-358.13,2116.52],[-359.33,2106.92],[-354.33,2102.92],[-358.2,2096.78],[-358.14,2091.7],[-350.87,2079.73],[-339.4,2070.43],[-335.41,2065.1],[-330.2,2054.85],[-321.49,2044.36],[-321.14,2040.78],[-323.22,2034.37],[-333.49,2033.68],[-338.52,2031.82],[-341.25,2027.02],[-342.89,2017.14],[-342.81,2009.74],[-344.93,2003.91],[-327.28,1975.24],[-325.72,1965.69],[-326.63,1955.38],[-324.87,1954.53],[-323.91,1946.71],[-325.34,1930.46],[-331.74,1930.53],[-331.96,1923.71],[-349.89,1913.66],[-357.74,1912.85],[-361.04,1908.17],[-368.34,1910.12],[-372.16,1913.7],[-374.72,1920.92],[-378.35,1920.59],[-381.2,1915.05],[-381.3,1898.37],[-384.18,1895.15],[-386.93,1894.39],[-389.9,1889.19],[-386.71,1887.87],[-386.52,1884.11],[-383.58,1881.53],[-379.37,1881.58],[-376.29,1880.02],[-370.32,1879.07],[-368.8,1873.44],[-363.13,1874.08],[-357.88,1872.69],[-349.79,1865.25],[-345.4,1863.27],[-342.88,1859.09],[-339.94,1856.37],[-339.43,1849.71],[-334.59,1846.0],[-330.55,1849.08],[-326.59,1845.79],[-328.69,1838.67],[-325.6,1835.52],[-311.1,1839.15],[-306.32,1841.23],[-308.25,1845.27],[-306.27,1850.51],[-299.89,1852.46],[-293.92,1851.51],[-284.95,1842.48],[-278.11,1842.26],[-274.63,1843.75],[-266.91,1842.82],[-261.36,1840.27],[-258.31,1841.02],[-255.58,1844.1],[-252.4,1845.58],[-247.81,1851.57],[-243.9,1853.64],[-239.64,1849.77],[-234.87,1852.43],[-222.64,1851.39],[-219.39,1846.65],[-216.02,1844.22],[-212.91,1839.18],[-209.08,1834.87],[-207.18,1834.02],[-194.97,1820.02],[-191.95,1808.82],[-182.86,1801.96],[-180.9,1780.54],[-170.38,1774.85],[-160.2,1775.24],[-152.32,1772.42],[-145.24,1762.07],[-129.1,1751.7],[-120.14,1752.17],[-109.75,1744.74],[-103.81,1746.54],[-100.07,1750.63],[-86.39,1749.74],[-70.88,1754.09],[-50.63,1749.64],[-38.7,1749.03],[-34.32,1746.32],[-27.33,1744.64],[-20.64,1744.7],[-14.8,1741.28],[-9.66,1735.53],[9.22,1754.23],[12.56,1754.41],[20.23,1758.38],[32.58,1759.5],[43.06,1758.44],[50.78,1755.75],[53.14,1751.72],[52.9,1746.65],[51.03,1743.44],[54.11,1740.29],[56.78,1734.66],[55.95,1729.59],[53.34,1729.13],[53.12,1720.73],[55.63,1715.69],[61.74,1714.72],[71.56,1705.11],[73.01,1705.84],[78.99,1702.13],[85.09,1703.19],[96.28,1702.85],[109.9,1707.59],[124.44,1706.99],[124.78,1700.91],[123.26,1691.06],[130.93,1676.21],[134.57,1675.22],[145.58,1660.84],[160.98,1661.39],[169.32,1653.06],[178.12,1661.24],[181.97,1670.67],[191.42,1670.17],[197.87,1662.98],[206.26,1647.41],[222.98,1645.37],[229.95,1645.85],[240.67,1650.85],[241.94,1655.78],[244.4,1657.39],[245.52,1662.46],[254.52,1663.97],[256.82,1667.75],[255.75,1674.83],[256.15,1680.19],[251.17,1684.93],[249.84,1688.4],[249.81,1692.45],[247.46,1695.76],[234.07,1698.99],[231.42,1703.75],[235.74,1709.57],[239.94,1710.62],[240.76,1718.87],[236.6,1730.43],[236.68,1739.26],[232.31,1741.54],[235.43,1751.99],[235.18,1766.9],[256.35,1754.02],[278.08,1743.17],[279.96,1745.5],[296.02,1756.18],[299.24,1752.73],[312.33,1751.52],[319.03,1749.39],[321.66,1746.66],[323.46,1738.85],[325.8,1737.27],[337.87,1735.9],[341.2,1738.24],[346.0,1737.98],[350.49,1739.61],[350.96,1734.69],[355.04,1733.41],[359.13,1729.24],[364.67,1726.52],[371.5,1726.57],[376.19,1721.53],[381.14,1719.68],[384.3,1725.34],[387.84,1716.68],[392.9,1697.46],[398.31,1692.86],[402.66,1693.47],[407.41,1677.43],[403.95,1673.79],[392.55,1683.85],[385.46,1680.04],[380.66,1679.87],[374.61,1672.31],[370.73,1664.61],[367.28,1660.25],[352.63,1656.83],[352.38,1650.02],[362.61,1640.39],[355.4,1631.81],[351.4,1621.66],[361.43,1620.42],[364.55,1610.17],[366.15,1608.59],[365.6,1603.96],[361.84,1601.91],[355.6,1601.0],[355.77,1598.11],[359.01,1590.46],[367.48,1582.13],[361.67,1582.52],[338.11,1566.46],[334.48,1566.29],[328.26,1542.39],[329.34,1531.41],[331.27,1525.78],[330.69,1503.37],[347.82,1502.33],[357.51,1484.9],[351.07,1471.56],[352.89,1459.58],[349.2,1446.55],[355.45,1445.14],[358.08,1442.27],[362.83,1447.22],[365.42,1451.42],[380.97,1447.19],[384.58,1449.09],[387.32,1452.57],[397.63,1450.04],[406.03,1451.97],[413.18,1445.07],[423.19,1445.57],[431.14,1451.11],[436.79,1451.43],[442.43,1454.21],[451.13,1455.13],[453.76,1452.54],[456.63,1457.76],[460.83,1459.23],[462.84,1461.99],[466.47,1462.3],[468.49,1464.04],[470.96,1462.76],[472.73,1457.13],[475.33,1460.47],[475.31,1463.21],[480.51,1467.29],[482.95,1472.65],[490.49,1472.84],[493.71,1467.8],[496.07,1461.16],[496.52,1457.55],[494.38,1451.76],[494.25,1448.73],[507.25,1433.48],[510.33,1426.56],[513.0,1416.17],[511.77,1401.0],[521.27,1388.63],[524.36,1378.97],[525.12,1373.77],[518.9,1369.98],[518.37,1361.17],[514.32,1359.13],[517.69,1352.07],[518.02,1344.85],[514.58,1337.18],[541.4,1337.75],[581.32,1325.25],[583.77,1329.16],[586.94,1331.2],[600.99,1334.59],[606.68,1325.95],[607.57,1321.63],[612.94,1320.79],[617.56,1324.13],[619.16,1322.55],[619.34,1315.47],[623.71,1310.59],[626.61,1310.74],[638.06,1318.4],[653.67,1320.25],[661.18,1326.78],[666.4,1325.65],[677.6,1317.33],[678.49,1311.12],[736.75,1311.65],[740.38,1310.37],[743.73,1305.33],[744.47,1301.72],[753.75,1300.02],[756.09,1295.41],[773.6,1300.96],[777.95,1299.82],[783.87,1305.91],[797.9,1314.04],[810.91,1324.63],[814.21,1332.0],[815.49,1340.53],[821.56,1346.18],[826.29,1362.37],[828.89,1365.7],[829.75,1368.59],[828.13,1375.66],[824.78,1378.54],[827.95,1387.21],[827.93,1393.14],[825.16,1396.45],[820.81,1396.15],[821.82,1398.32],[824.14,1398.61],[825.85,1405.84],[834.26,1407.17],[837.14,1413.82],[842.06,1415.57],[840.02,1420.77],[852.89,1431.35],[862.75,1433.12],[866.94,1438.48],[870.71,1438.92],[874.73,1451.79],[886.77,1452.84],[889.66,1454.58],[895.45,1460.67],[898.5,1458.51],[901.24,1466.18],[912.25,1471.41],[919.92,1477.93],[925.57,1481.42],[937.58,1493.01],[945.25,1503.58],[958.89,1503.18],[962.52,1501.6],[969.33,1506.39],[983.98,1508.3],[997.33,1508.33],[1013.28,1511.83],[1054.18,1527.23],[1091.53,1542.69],[1097.83,1548.41],[1105.23,1550.02],[1116.85,1548.3],[1124.84,1545.56],[1131.95,1540.65],[1135.73,1542.25],[1141.08,1553.97],[1141.2,1576.67],[1139.16,1581.01],[1134.66,1586.06],[1132.76,1591.7],[1132.17,1598.64],[1129.41,1599.8],[1131.0,1605.15],[1129.97,1619.76],[1125.02,1624.24],[1120.65,1638.99],[1138.65,1642.05],[1140.97,1646.1],[1148.53,1645.39],[1148.81,1648.14],[1150.7,1648.43],[1153.02,1655.23],[1159.12,1656.4],[1163.47,1658.86],[1167.25,1658.29],[1168.86,1646.57],[1171.91,1647.44],[1175.54,1651.2],[1175.39,1655.83],[1180.03,1661.05],[1180.89,1668.43],[1175.81,1673.49],[1162.15,1671.16],[1155.62,1671.3],[1151.4,1673.75],[1148.78,1678.52],[1148.49,1681.56],[1151.38,1686.92],[1158.94,1688.96],[1164.17,1687.95],[1166.49,1692.29],[1174.62,1694.76],[1174.48,1696.93],[1168.37,1698.08],[1164.45,1701.84],[1161.25,1702.27],[1157.47,1705.16],[1154.85,1709.5],[1141.17,1721.21],[1128.96,1726.27],[1114.72,1728.56],[1110.9,1754.18],[1112.93,1759.11],[1112.47,1777.93],[1116.68,1784.02],[1117.24,1793.29],[1120.14,1802.56],[1120.13,1806.18],[1115.04,1813.13],[1114.01,1817.18],[1114.88,1821.24],[1117.64,1823.71],[1125.93,1821.83],[1132.33,1821.84],[1135.81,1826.77],[1135.7,1828.67],[1142.65,1829.1],[1149.77,1826.06],[1153.85,1822.88],[1157.92,1824.77],[1158.79,1828.68],[1169.99,1826.38],[1173.77,1824.21],[1175.23,1822.18],[1182.06,1822.19],[1182.94,1816.97],[1186.0,1814.51],[1187.6,1808.0],[1190.51,1807.13],[1197.92,1814.81],[1200.69,1810.03],[1207.37,1811.34],[1223.37,1800.78],[1220.48,1786.44],[1224.4,1782.97],[1228.48,1780.94],[1229.64,1770.08],[1234.15,1776.75],[1239.96,1774.43],[1246.94,1767.63],[1250.0,1770.67],[1253.34,1767.2],[1255.81,1762.71],[1259.45,1760.83],[1261.77,1761.41],[1261.77,1765.03],[1257.7,1769.95],[1258.28,1773.14],[1259.44,1776.76],[1263.08,1779.8],[1265.11,1783.13],[1267.15,1783.13],[1267.29,1778.21],[1272.38,1780.24],[1283.28,1777.49],[1292.59,1789.66],[1299.42,1793.71],[1313.08,1810.23],[1316.57,1811.38],[1316.57,1816.02],[1325.44,1824.42],[1343.63,1852.09],[1343.77,1856.29],[1332.72,1859.48],[1333.45,1862.38],[1367.06,1889.9],[1380.59,1903.52],[1379.87,1918.59],[1382.06,1924.25],[1387.15,1927.29],[1391.95,1931.63],[1406.21,1929.16],[1424.98,1923.35],[1436.77,1923.2],[1445.06,1921.6],[1456.84,1914.92],[1461.06,1914.19],[1478.65,1895.33],[1481.27,1895.91],[1485.5,1903.29],[1489.43,1907.35],[1493.8,1909.95],[1500.34,1908.06],[1503.1,1901.25],[1503.82,1893.85],[1510.5,1884.14],[1508.89,1880.22],[1516.89,1879.05],[1531.59,1881.35],[1536.97,1884.53],[1537.72,1897.72],[1535.99,1906.71],[1549.25,1919.01],[1555.37,1926.1],[1541.42,1939.17],[1544.92,1940.47],[1545.06,1943.08],[1550.45,1943.65],[1551.03,1940.6],[1553.93,1936.25],[1556.55,1936.54],[1560.49,1939.57],[1562.09,1938.7],[1560.48,1933.2],[1562.22,1930.73],[1568.04,1932.31],[1573.44,1938.1],[1575.91,1937.95],[1579.27,1943.89],[1575.64,1947.67],[1582.79,1962.59],[1589.06,1966.49],[1592.71,1971.42],[1596.93,1973.87],[1598.4,1982.14],[1601.48,1989.96],[1607.74,1993.86],[1606.01,1998.94],[1616.07,2007.92],[1622.35,2015.15],[1620.02,2019.37],[1622.8,2025.6],[1629.07,2026.45],[1631.4,2030.51],[1638.84,2036.44],[1647.59,2039.61],[1651.98,2049.32],[1657.09,2053.96],[1674.27,2051.74],[1674.57,2057.83],[1679.84,2065.36],[1677.28,2092.36],[1678.03,2103.39],[1684.03,2111.06],[1681.85,2116.73],[1668.02,2120.83],[1665.26,2126.2],[1668.64,2135.49],[1675.94,2141.27],[1679.01,2145.62],[1683.84,2156.5],[1688.0,2160.34],[1688.0,2748.0],[1687.52,2757.8],[1686.08,2767.51],[1683.69,2777.03],[1680.39,2786.27],[1676.19,2795.14],[1671.15,2803.56],[1665.3,2811.44],[1658.71,2818.71],[1651.44,2825.3],[1643.56,2831.15],[1635.14,2836.19],[1626.27,2840.39],[1617.03,2843.69],[1607.51,2846.08],[1597.8,2847.52],[1588.0,2848.0],[-942.26,2848.0],[-941.74,2847.35],[-952.12,2837.38],[-968.59,2845.94],[-969.4,2848.0],[-1300.99,2848.0],[-1303.79,2847.54],[-1304.08,2848.0],[-1411.98,2848.0],[-1405.74,2840.15],[-1403.75,2835.08],[-1403.84,2832.16],[-1406.19,2824.24],[-1418.9,2814.38],[-1424.65,2808.3],[-1445.01,2808.22],[-1456.88,2817.05],[-1464.67,2818.37],[-1470.16,2822.06],[-1480.05,2826.25],[-1500.2,2830.99],[-1509.42,2838.4],[-1510.66,2841.74],[-1515.61,2840.18],[-1522.86,2836.26],[-1536.12,2824.92],[-1538.09,2820.21],[-1583.78,2804.32],[-1590.3,2808.57],[-1599.13,2810.73],[-1611.86,2810.2],[-1620.49,2809.45],[-1628.74,2804.18],[-1636.59,2801.11],[-1662.02,2806.16],[-1691.29,2804.56],[-1737.65,2815.89],[-1741.52,2818.73],[-1748.29,2834.79],[-1772.32,2835.18],[-1790.0,2832.77],[-1821.32,2824.1],[-1826.28,2815.98],[-1830.02,2805.98],[-1836.69,2795.19],[-1844.09,2792.12],[-1855.62,2789.98],[-1864.85,2790.08],[-1875.88,2792.18],[-1882.76,2792.03],[-1887.41,2790.33],[-1886.84,2784.36],[-1888.5,2779.51],[-1891.52,2777.11],[-1895.77,2777.02],[-1900.6,2784.07],[-1905.55,2796.07],[-1913.35,2806.78],[-1921.18,2815.59],[-1927.36,2816.26],[-1930.56,2815.02],[-1933.02,2806.8],[-1935.31,2804.12],[-1938.67,2803.9],[-1955.29,2820.62],[-1963.39,2822.49],[-1971.43,2821.58],[-1986.42,2817.03],[-2001.44,2813.78],[-2010.68,2814.31],[-2029.27,2820.32],[-2061.43,2836.97],[-2070.31,2847.43],[-2070.89,2848.0],[-2217.47,2848.0],[-2223.41,2845.83]]]}},{"type":"Feature","properties":{"name":"Bilecik","iso":"TR-11","inRegion":false},"geometry":{"type":"MultiPolygon","coordinates":[[[[-2966.43,2186.77],[-2964.22,2197.22],[-2959.83,2204.45],[-2947.72,2217.89],[-2923.77,2215.88],[-2916.02,2221.89],[-2915.76,2234.92],[-2916.73,2242.06],[-2911.81,2254.28],[-2886.48,2257.81],[-2828.38,2257.6],[-2813.49,2268.3],[-2790.38,2272.73],[-2782.33,2279.17],[-2775.1,2287.0],[-2776.24,2293.85],[-2773.36,2305.34],[-2760.19,2309.92],[-2759.98,2314.39],[-2756.89,2318.86],[-2757.92,2359.34],[-2743.36,2374.83],[-2746.25,2403.24],[-2750.83,2429.03],[-2742.82,2445.08],[-2700.18,2465.33],[-2695.53,2476.2],[-2718.85,2520.33],[-2720.49,2533.35],[-2712.01,2545.32],[-2662.77,2545.39],[-2663.92,2553.68],[-2706.79,2571.37],[-2720.16,2578.0],[-2733.85,2586.52],[-2790.8,2613.17],[-2824.92,2618.52],[-2827.9,2637.3],[-2850.97,2632.82],[-2865.88,2644.86],[-2884.91,2641.08],[-2880.84,2685.43],[-2889.56,2698.26],[-2913.72,2724.02],[-2916.63,2743.01],[-2935.8,2767.24],[-2953.76,2799.2],[-2956.19,2795.14],[-2960.39,2786.27],[-2963.69,2777.03],[-2966.08,2767.51],[-2967.52,2757.8],[-2968.0,2748.0],[-2968.0,2185.38],[-2966.43,2186.77]]],[[[-2966.07,2129.27],[-2967.27,2135.6],[-2965.13,2141.26],[-2960.38,2144.96],[-2961.82,2150.65],[-2968.0,2154.62],[-2968.0,2123.56],[-2966.07,2129.27]]],[[[-2965.31,2116.31],[-2965.93,2119.98],[-2968.0,2123.25],[-2968.0,2114.35],[-2965.31,2116.31]]],[[[-2962.15,2072.49],[-2960.57,2088.82],[-2958.25,2101.49],[-2968.0,2112.58],[-2968.0,2060.61],[-2962.15,2072.49]]]]}},{"type":"Feature","properties":{"name":"Çankırı","iso":"TR-18","inRegion":false},"geometry":{"type":"Polygon","coordinates":[[[1683.84,2156.5],[1679.01,2145.62],[1675.94,2141.27],[1668.64,2135.49],[1665.26,2126.2],[1668.02,2120.83],[1681.85,2116.73],[1684.03,2111.06],[1678.03,2103.39],[1677.28,2092.36],[1679.84,2065.36],[1674.57,2057.83],[1674.27,2051.74],[1657.09,2053.96],[1651.98,2049.32],[1647.59,2039.61],[1638.84,2036.44],[1631.4,2030.51],[1629.07,2026.45],[1622.8,2025.6],[1620.02,2019.37],[1622.35,2015.15],[1616.07,2007.92],[1606.01,1998.94],[1607.74,1993.86],[1601.48,1989.96],[1598.4,1982.14],[1596.93,1973.87],[1592.71,1971.42],[1589.06,1966.49],[1582.79,1962.59],[1575.64,1947.67],[1579.27,1943.89],[1575.91,1937.95],[1573.44,1938.1],[1568.04,1932.31],[1562.22,1930.73],[1560.48,1933.2],[1562.09,1938.7],[1560.49,1939.57],[1556.55,1936.54],[1553.93,1936.25],[1551.03,1940.6],[1550.45,1943.65],[1545.06,1943.08],[1544.92,1940.47],[1541.42,1939.17],[1555.37,1926.1],[1549.25,1919.01],[1535.99,1906.71],[1537.72,1897.72],[1536.97,1884.53],[1531.59,1881.35],[1516.89,1879.05],[1508.89,1880.22],[1510.5,1884.14],[1503.82,1893.85],[1503.1,1901.25],[1500.34,1908.06],[1493.8,1909.95],[1489.43,1907.35],[1485.5,1903.29],[1481.27,1895.91],[1478.65,1895.33],[1461.06,1914.19],[1456.84,1914.92],[1445.06,1921.6],[1436.77,1923.2],[1424.98,1923.35],[1406.21,1929.16],[1391.95,1931.63],[1387.15,1927.29],[1382.06,1924.25],[1379.87,1918.59],[1380.59,1903.52],[1367.06,1889.9],[1333.45,1862.38],[1332.72,1859.48],[1343.77,1856.29],[1343.63,1852.09],[1325.44,1824.42],[1316.57,1816.02],[1316.57,1811.38],[1313.08,1810.23],[1299.42,1793.71],[1292.59,1789.66],[1283.28,1777.49],[1272.38,1780.24],[1267.29,1778.21],[1267.15,1783.13],[1265.11,1783.13],[1263.08,1779.8],[1259.44,1776.76],[1258.28,1773.14],[1257.7,1769.95],[1261.77,1765.03],[1261.77,1761.41],[1259.45,1760.83],[1255.81,1762.71],[1253.34,1767.2],[1250.0,1770.67],[1246.94,1767.63],[1239.96,1774.43],[1234.15,1776.75],[1229.64,1770.08],[1228.48,1780.94],[1224.4,1782.97],[1220.48,1786.44],[1223.37,1800.78],[1207.37,1811.34],[1200.69,1810.03],[1197.92,1814.81],[1190.51,1807.13],[1187.6,1808.0],[1186.0,1814.51],[1182.94,1816.97],[1182.06,1822.19],[1175.23,1822.18],[1173.77,1824.21],[1169.99,1826.38],[1158.79,1828.68],[1157.92,1824.77],[1153.85,1822.88],[1149.77,1826.06],[1142.65,1829.1],[1135.7,1828.67],[1135.81,1826.77],[1132.33,1821.84],[1125.93,1821.83],[1117.64,1823.71],[1114.88,1821.24],[1114.01,1817.18],[1115.04,1813.13],[1120.13,1806.18],[1120.14,1802.56],[1117.24,1793.29],[1116.68,1784.02],[1112.47,1777.93],[1112.93,1759.11],[1110.9,1754.18],[1114.72,1728.56],[1128.96,1726.27],[1141.17,1721.21],[1154.85,1709.5],[1157.47,1705.16],[1161.25,1702.27],[1164.45,1701.84],[1168.37,1698.08],[1174.48,1696.93],[1174.62,1694.76],[1166.49,1692.29],[1164.17,1687.95],[1158.94,1688.96],[1151.38,1686.92],[1148.49,1681.56],[1148.78,1678.52],[1151.4,1673.75],[1155.62,1671.3],[1162.15,1671.16],[1175.81,1673.49],[1180.89,1668.43],[1180.03,1661.05],[1175.39,1655.83],[1175.54,1651.2],[1171.91,1647.44],[1168.86,1646.57],[1167.25,1658.29],[1163.47,1658.86],[1159.12,1656.4],[1153.02,1655.23],[1150.7,1648.43],[1148.81,1648.14],[1148.53,1645.39],[1140.97,1646.1],[1138.65,1642.05],[1120.65,1638.99],[1125.02,1624.24],[1129.97,1619.76],[1131.0,1605.15],[1129.41,1599.8],[1132.17,1598.64],[1132.76,1591.7],[1134.66,1586.06],[1139.16,1581.01],[1141.2,1576.67],[1141.08,1553.97],[1135.73,1542.25],[1131.95,1540.65],[1124.84,1545.56],[1116.85,1548.3],[1105.23,1550.02],[1097.83,1548.41],[1091.53,1542.69],[1054.18,1527.23],[1013.28,1511.83],[997.33,1508.33],[983.98,1508.3],[969.33,1506.39],[962.52,1501.6],[958.89,1503.18],[945.25,1503.58],[937.58,1493.01],[925.57,1481.42],[919.92,1477.93],[912.25,1471.41],[901.24,1466.18],[898.5,1458.51],[895.45,1460.67],[889.66,1454.58],[886.77,1452.84],[874.73,1451.79],[870.71,1438.92],[866.94,1438.48],[862.75,1433.12],[852.89,1431.35],[840.02,1420.77],[842.06,1415.57],[837.14,1413.82],[834.26,1407.17],[825.85,1405.84],[824.14,1398.61],[821.82,1398.32],[820.81,1396.15],[825.16,1396.45],[827.93,1393.14],[827.95,1387.21],[824.78,1378.54],[828.13,1375.66],[829.75,1368.59],[828.89,1365.7],[826.29,1362.37],[821.56,1346.18],[815.49,1340.53],[814.21,1332.0],[810.91,1324.63],[797.9,1314.04],[783.87,1305.91],[777.95,1299.82],[773.6,1300.96],[756.09,1295.41],[753.75,1300.02],[744.47,1301.72],[743.73,1305.33],[740.38,1310.37],[736.75,1311.65],[678.49,1311.12],[677.6,1317.33],[666.4,1325.65],[661.18,1326.78],[653.67,1320.25],[638.06,1318.4],[631.96,1313.8],[591.09,1268.77],[611.86,1240.92],[631.04,1177.35],[636.43,1162.67],[596.47,1135.9],[628.18,1124.27],[680.78,1099.49],[745.92,1076.97],[772.35,1069.33],[869.09,1030.69],[897.19,1022.39],[908.83,970.66],[936.86,936.97],[945.01,913.26],[952.1,902.59],[954.59,869.16],[958.35,853.83],[975.76,846.16],[979.9,855.66],[983.93,857.01],[987.42,854.31],[989.4,854.14],[991.58,851.45],[1001.61,850.99],[1012.69,853.57],[1022.76,851.26],[1028.64,841.86],[1038.73,828.82],[1063.96,853.75],[1084.93,860.0],[1137.87,864.9],[1205.12,846.03],[1271.76,831.34],[1315.16,815.16],[1316.71,785.62],[1356.19,767.16],[1380.42,770.38],[1407.12,767.67],[1397.22,763.6],[1393.7,755.4],[1394.41,744.93],[1393.45,729.65],[1395.22,711.81],[1385.72,690.39],[1386.17,674.78],[1394.77,661.2],[1424.97,650.09],[1436.27,635.95],[1437.31,616.99],[1442.52,610.81],[1482.61,620.49],[1496.14,627.88],[1506.42,629.1],[1523.81,629.11],[1557.37,604.84],[1570.54,610.35],[1592.88,592.62],[1604.35,588.24],[1609.3,588.25],[1619.37,584.46],[1624.15,585.28],[1634.17,590.71],[1639.37,590.68],[1653.79,597.68],[1656.53,601.86],[1664.71,606.66],[1669.17,612.84],[1680.9,617.35],[1685.28,622.44],[1688.0,623.88],[1688.0,2160.34],[1683.84,2156.5]]]}},{"type":"Feature","properties":{"name":"Eskişehir","iso":"TR-26","inRegion":false},"geometry":{"type":"MultiPolygon","coordinates":[[[[-968.59,2845.94],[-952.12,2837.38],[-941.74,2847.35],[-942.26,2848.0],[-969.4,2848.0],[-968.59,2845.94]]],[[[-1303.79,2847.54],[-1300.99,2848.0],[-1304.08,2848.0],[-1303.79,2847.54]]],[[[-2070.31,2847.43],[-2061.43,2836.97],[-2029.27,2820.32],[-2010.68,2814.31],[-2001.44,2813.78],[-1986.42,2817.03],[-1971.43,2821.58],[-1963.39,2822.49],[-1955.29,2820.62],[-1938.67,2803.9],[-1935.31,2804.12],[-1933.02,2806.8],[-1930.56,2815.02],[-1927.36,2816.26],[-1921.18,2815.59],[-1913.35,2806.78],[-1905.55,2796.07],[-1900.6,2784.07],[-1895.77,2777.02],[-1891.52,2777.11],[-1888.5,2779.51],[-1886.84,2784.36],[-1887.41,2790.33],[-1882.76,2792.03],[-1875.88,2792.18],[-1864.85,2790.08],[-1855.62,2789.98],[-1844.09,2792.12],[-1836.69,2795.19],[-1830.02,2805.98],[-1826.28,2815.98],[-1821.32,2824.1],[-1790.0,2832.77],[-1772.32,2835.18],[-1748.29,2834.79],[-1741.52,2818.73],[-1737.65,2815.89],[-1691.29,2804.56],[-1662.02,2806.16],[-1636.59,2801.11],[-1628.74,2804.18],[-1620.49,2809.45],[-1611.86,2810.2],[-1599.13,2810.73],[-1590.3,2808.57],[-1583.78,2804.32],[-1538.09,2820.21],[-1536.12,2824.92],[-1522.86,2836.26],[-1515.61,2840.18],[-1510.66,2841.74],[-1509.42,2838.4],[-1500.2,2830.99],[-1480.05,2826.25],[-1470.16,2822.06],[-1464.67,2818.37],[-1456.88,2817.05],[-1445.01,2808.22],[-1424.65,2808.3],[-1418.9,2814.38],[-1406.19,2824.24],[-1403.84,2832.16],[-1403.75,2835.08],[-1405.74,2840.15],[-1411.98,2848.0],[-2070.89,2848.0],[-2070.31,2847.43]]],[[[-2935.8,2767.24],[-2916.63,2743.01],[-2913.72,2724.02],[-2889.56,2698.26],[-2880.84,2685.43],[-2884.91,2641.08],[-2865.88,2644.86],[-2850.97,2632.82],[-2827.9,2637.3],[-2824.92,2618.52],[-2790.8,2613.17],[-2733.85,2586.52],[-2720.16,2578.0],[-2706.79,2571.37],[-2663.92,2553.68],[-2659.88,2523.63],[-2630.99,2502.6],[-2620.57,2506.87],[-2617.45,2531.63],[-2572.93,2573.28],[-2551.12,2574.59],[-2545.2,2579.9],[-2531.74,2581.58],[-2514.75,2574.3],[-2493.94,2579.43],[-2473.81,2582.11],[-2445.49,2593.5],[-2427.86,2601.84],[-2410.91,2604.35],[-2397.49,2609.39],[-2385.95,2626.93],[-2370.76,2707.94],[-2368.25,2715.32],[-2358.15,2722.42],[-2356.99,2730.67],[-2352.51,2739.38],[-2345.32,2747.87],[-2345.47,2754.14],[-2347.41,2755.7],[-2349.41,2759.73],[-2349.54,2764.84],[-2355.79,2763.08],[-2350.38,2769.49],[-2348.57,2773.32],[-2348.5,2776.53],[-2341.06,2789.99],[-2337.15,2791.69],[-2328.1,2793.22],[-2313.69,2792.94],[-2290.11,2822.22],[-2283.51,2821.8],[-2279.2,2819.42],[-2275.89,2815.56],[-2269.19,2810.9],[-2264.82,2812.32],[-2262.97,2820.53],[-2259.9,2827.03],[-2253.74,2833.3],[-2245.21,2844.3],[-2237.19,2846.24],[-2229.99,2845.39],[-2223.41,2845.83],[-2217.47,2848.0],[-2868.0,2848.0],[-2877.8,2847.52],[-2887.51,2846.08],[-2897.03,2843.69],[-2906.27,2840.39],[-2915.14,2836.19],[-2923.56,2831.15],[-2931.44,2825.3],[-2938.71,2818.71],[-2945.3,2811.44],[-2951.15,2803.56],[-2953.76,2799.2],[-2935.8,2767.24]]]]}},{"type":"Feature","properties":{"name":"Kastamonu","iso":"TR-37","inRegion":false},"geometry":{"type":"Polygon","coordinates":[[[1685.28,622.44],[1680.9,617.35],[1669.17,612.84],[1664.71,606.66],[1656.53,601.86],[1653.79,597.68],[1639.37,590.68],[1634.17,590.71],[1624.15,585.28],[1619.37,584.46],[1609.3,588.25],[1604.35,588.24],[1592.88,592.62],[1570.54,610.35],[1557.37,604.84],[1523.81,629.11],[1506.42,629.1],[1496.14,627.88],[1482.61,620.49],[1442.52,610.81],[1416.94,585.29],[1418.67,572.93],[1411.16,560.59],[1416.05,549.38],[1414.03,543.35],[1419.51,537.03],[1421.51,522.09],[1418.33,506.87],[1402.47,501.14],[1397.86,489.08],[1383.44,468.99],[1369.6,453.21],[1352.88,440.58],[1345.1,426.81],[1335.3,418.2],[1313.12,421.64],[1303.61,420.21],[1292.67,412.17],[1282.3,407.29],[1262.71,414.23],[1251.78,411.79],[1245.47,401.25],[1257.17,396.02],[1261.65,385.58],[1248.09,368.69],[1229.44,355.33],[1195.15,334.46],[1192.98,309.41],[1201.7,285.82],[1203.47,257.4],[1206.77,242.13],[1217.7,228.3],[1218.74,222.92],[1209.49,207.55],[1209.76,198.49],[1215.56,184.77],[1244.66,153.67],[1264.07,134.86],[1269.46,124.85],[1269.24,108.02],[1278.4,99.95],[1286.85,96.76],[1304.21,87.97],[1322.59,68.65],[1328.77,51.05],[1336.63,45.33],[1361.37,50.25],[1410.31,46.03],[1432.85,42.09],[1443.69,32.68],[1457.74,13.21],[1476.71,-4.06],[1524.07,-26.14],[1528.45,-40.25],[1547.98,-76.7],[1542.62,-90.98],[1525.72,-112.11],[1535.98,-133.02],[1532.94,-177.01],[1526.48,-196.6],[1527.59,-215.77],[1519.39,-222.2],[1507.69,-235.83],[1499.3,-254.82],[1483.9,-266.64],[1484.76,-278.21],[1498.09,-305.66],[1492.89,-311.08],[1457.19,-317.44],[1426.64,-324.58],[1417.08,-333.46],[1417.4,-343.59],[1406.11,-373.93],[1383.86,-388.57],[1407.24,-410.68],[1411.89,-429.32],[1416.5,-442.05],[1415.88,-452.42],[1411.01,-464.89],[1410.6,-470.8],[1403.26,-481.66],[1405.92,-487.47],[1406.57,-492.74],[1408.47,-497.49],[1400.22,-542.07],[1396.8,-548.95],[1391.52,-549.43],[1384.05,-541.51],[1360.82,-535.32],[1344.68,-534.76],[1331.19,-524.26],[1329.49,-514.61],[1326.99,-511.88],[1322.74,-511.94],[1310.59,-516.77],[1300.6,-516.66],[1297.81,-521.68],[1297.07,-527.57],[1304.86,-536.3],[1312.11,-549.98],[1303.24,-555.15],[1284.18,-554.12],[1273.97,-548.46],[1264.48,-548.51],[1260.3,-550.14],[1246.21,-551.49],[1239.48,-548.1],[1214.94,-526.26],[1209.79,-512.57],[1204.63,-505.12],[1189.23,-494.43],[1172.19,-492.92],[1157.02,-495.76],[1148.91,-501.69],[1148.87,-517.9],[1134.06,-531.95],[1109.61,-528.0],[1113.18,-535.1],[1101.44,-558.22],[1105.21,-578.71],[1130.86,-606.52],[1154.59,-628.51],[1162.77,-644.61],[1157.14,-669.23],[1156.44,-698.86],[1178.4,-741.5],[1175.54,-763.62],[1185.94,-781.87],[1183.11,-801.82],[1202.46,-810.94],[1213.44,-821.38],[1216.78,-837.41],[1203.77,-866.44],[1194.83,-881.65],[1177.44,-894.17],[1157.71,-894.33],[1124.46,-882.1],[1092.99,-872.73],[1056.11,-859.26],[1038.91,-861.14],[1028.8,-866.86],[1008.97,-880.56],[991.09,-896.07],[964.04,-906.22],[960.07,-911.6],[962.58,-924.83],[962.22,-949.52],[965.18,-965.53],[943.16,-976.28],[931.62,-1010.29],[947.97,-1035.11],[924.88,-1038.06],[921.08,-1046.96],[923.43,-1053.61],[916.83,-1069.84],[906.06,-1079.42],[906.41,-1086.97],[899.45,-1090.98],[897.78,-1093.26],[901.0,-1098.75],[905.04,-1100.22],[907.48,-1106.05],[905.84,-1109.88],[911.79,-1112.53],[912.47,-1116.68],[907.81,-1120.38],[906.91,-1124.81],[907.62,-1126.27],[912.51,-1128.17],[917.15,-1135.26],[916.36,-1137.64],[918.74,-1137.02],[924.23,-1137.86],[927.31,-1136.1],[930.78,-1135.98],[931.59,-1138.13],[933.71,-1139.31],[938.18,-1145.18],[948.83,-1151.59],[948.63,-1153.28],[944.27,-1155.33],[946.3,-1158.02],[950.07,-1157.72],[950.39,-1156.57],[952.37,-1155.98],[960.05,-1160.09],[967.55,-1156.78],[969.83,-1157.92],[974.39,-1157.92],[976.1,-1156.78],[983.51,-1157.35],[987.5,-1155.64],[1004.03,-1153.36],[1009.73,-1154.22],[1009.73,-1153.08],[1010.87,-1153.08],[1012.01,-1150.8],[1013.72,-1151.37],[1013.72,-1150.23],[1018.85,-1150.8],[1019.99,-1153.08],[1022.27,-1153.65],[1023.41,-1156.5],[1024.55,-1156.49],[1023.98,-1158.21],[1026.26,-1160.2],[1031.39,-1161.34],[1035.95,-1163.62],[1041.08,-1163.62],[1045.07,-1160.2],[1046.78,-1160.77],[1049.63,-1159.35],[1050.2,-1161.06],[1053.62,-1161.63],[1053.62,-1160.49],[1055.96,-1160.2],[1057.31,-1162.0],[1059.18,-1160.68],[1060.24,-1161.83],[1061.44,-1160.63],[1066.11,-1159.73],[1069.42,-1160.23],[1070.28,-1161.43],[1074.88,-1159.11],[1082.39,-1161.57],[1083.07,-1160.82],[1080.6,-1159.48],[1080.67,-1158.29],[1082.69,-1156.78],[1085.64,-1156.49],[1088.97,-1157.22],[1090.76,-1159.25],[1090.79,-1161.66],[1085.04,-1162.95],[1088.42,-1163.92],[1087.71,-1164.61],[1089.05,-1165.54],[1088.45,-1166.43],[1100.95,-1171.34],[1107.24,-1176.8],[1117.36,-1177.55],[1127.82,-1175.0],[1145.47,-1179.3],[1164.12,-1185.3],[1205.07,-1201.98],[1209.29,-1204.37],[1209.07,-1205.91],[1209.96,-1205.18],[1212.28,-1206.49],[1211.93,-1208.96],[1212.44,-1206.9],[1215.38,-1205.33],[1214.88,-1201.89],[1216.5,-1198.04],[1217.33,-1198.49],[1217.28,-1200.13],[1215.93,-1207.33],[1212.86,-1207.37],[1223.08,-1209.2],[1246.17,-1217.24],[1271.9,-1228.91],[1282.22,-1235.67],[1282.19,-1237.08],[1283.74,-1235.72],[1283.77,-1237.36],[1285.03,-1236.51],[1287.6,-1238.4],[1289.38,-1244.2],[1286.41,-1246.53],[1289.95,-1244.26],[1291.96,-1244.77],[1289.61,-1245.2],[1285.15,-1248.85],[1290.51,-1245.27],[1294.47,-1246.74],[1294.53,-1252.6],[1289.95,-1253.48],[1288.16,-1255.89],[1287.29,-1255.18],[1287.95,-1254.16],[1286.96,-1254.88],[1283.43,-1251.5],[1282.12,-1248.91],[1281.09,-1249.05],[1283.32,-1252.46],[1288.51,-1257.31],[1287.51,-1263.63],[1288.72,-1265.12],[1290.52,-1264.0],[1291.75,-1264.61],[1294.71,-1267.72],[1294.35,-1268.81],[1297.52,-1268.52],[1298.09,-1270.13],[1305.49,-1269.7],[1313.54,-1270.59],[1328.13,-1273.94],[1330.96,-1276.0],[1588.0,-1276.0],[1597.8,-1275.52],[1607.51,-1274.08],[1617.03,-1271.69],[1626.27,-1268.39],[1635.14,-1264.19],[1643.56,-1259.15],[1651.44,-1253.3],[1658.71,-1246.71],[1665.3,-1239.44],[1671.15,-1231.56],[1676.19,-1223.14],[1680.39,-1214.27],[1683.69,-1205.03],[1686.08,-1195.51],[1687.52,-1185.8],[1688.0,-1176.0],[1688.0,623.88],[1685.28,622.44]]]}},{"type":"Feature","properties":{"name":"Sakarya","iso":"TR-54","inRegion":false},"geometry":{"type":"Polygon","coordinates":[[[-2945.25,347.81],[-2876.17,367.85],[-2789.6,386.96],[-2784.42,387.21],[-2746.78,394.4],[-2745.01,393.85],[-2739.56,395.68],[-2715.95,399.24],[-2710.05,401.05],[-2700.84,401.87],[-2667.09,409.07],[-2632.06,413.98],[-2627.34,412.55],[-2612.0,421.15],[-2595.32,427.41],[-2592.68,427.51],[-2587.83,419.32],[-2585.22,417.76],[-2569.87,422.32],[-2569.25,423.2],[-2570.16,423.77],[-2583.26,418.61],[-2585.93,418.79],[-2590.16,424.59],[-2588.46,426.1],[-2590.22,426.11],[-2590.94,427.16],[-2591.08,430.43],[-2582.32,435.72],[-2580.7,433.79],[-2578.09,435.24],[-2576.71,433.24],[-2578.4,437.62],[-2574.55,442.2],[-2543.66,456.68],[-2528.24,465.87],[-2502.38,478.98],[-2491.18,485.26],[-2472.21,498.42],[-2466.42,500.84],[-2456.45,507.93],[-2448.33,511.38],[-2443.18,510.55],[-2432.7,511.06],[-2407.73,515.79],[-2402.86,515.6],[-2374.93,519.87],[-2373.22,519.3],[-2369.8,520.73],[-2356.69,523.01],[-2351.56,523.01],[-2333.89,526.43],[-2266.83,536.42],[-2192.25,544.78],[-2160.42,547.18],[-2145.99,547.76],[-2131.52,546.72],[-2107.6,548.66],[-2098.48,547.8],[-2097.8,543.55],[-2096.6,544.17],[-2096.66,548.54],[-2112.98,559.2],[-2115.11,564.9],[-2119.29,568.99],[-2118.56,570.62],[-2116.6,571.4],[-2110.29,571.38],[-2104.46,573.31],[-2104.58,569.02],[-2103.02,567.04],[-2100.5,565.03],[-2097.12,565.13],[-2096.33,566.7],[-2096.89,568.78],[-2099.2,570.83],[-2099.05,572.55],[-2097.63,573.53],[-2093.1,571.35],[-2091.45,571.92],[-2091.77,576.79],[-2090.81,578.41],[-2086.62,575.25],[-2080.24,575.02],[-2076.32,576.8],[-2075.33,583.3],[-2068.39,584.25],[-2069.0,586.15],[-2072.32,587.82],[-2071.57,590.37],[-2069.41,591.91],[-2068.87,599.15],[-2072.68,600.7],[-2072.2,603.33],[-2077.4,605.57],[-2077.04,607.28],[-2073.68,608.11],[-2072.12,613.97],[-2069.34,616.4],[-2068.2,616.2],[-2066.93,613.57],[-2065.78,614.18],[-2064.74,616.77],[-2054.01,621.09],[-2052.59,618.03],[-2046.69,617.5],[-2045.6,615.67],[-2046.27,614.7],[-2047.51,615.53],[-2048.62,615.02],[-2049.12,612.41],[-2048.24,611.4],[-2042.46,611.23],[-2035.79,604.48],[-2031.32,603.93],[-2028.19,604.8],[-2022.58,611.6],[-2024.32,614.38],[-2024.15,618.49],[-2025.54,620.44],[-2027.81,620.59],[-2028.21,622.07],[-2026.07,623.32],[-2026.11,625.12],[-2028.75,625.04],[-2029.7,626.01],[-2028.68,628.17],[-2029.4,630.45],[-2034.65,630.02],[-2034.95,631.42],[-2031.72,634.3],[-2037.48,644.71],[-2041.29,643.59],[-2052.97,643.02],[-2055.21,643.76],[-2060.4,651.45],[-2061.9,652.39],[-2063.05,652.1],[-2065.11,649.17],[-2070.12,648.72],[-2071.03,649.72],[-2069.71,653.52],[-2069.4,658.98],[-2067.78,661.89],[-2072.82,669.08],[-2074.08,674.78],[-2075.4,675.76],[-2075.91,678.9],[-2078.91,682.85],[-2082.15,684.43],[-2085.28,688.57],[-2098.11,691.35],[-2103.93,688.9],[-2108.65,689.77],[-2110.74,691.7],[-2104.82,697.36],[-2104.51,700.83],[-2110.3,706.09],[-2119.08,706.4],[-2123.66,704.13],[-2127.51,707.25],[-2127.87,712.99],[-2125.69,719.21],[-2120.22,722.29],[-2116.9,718.82],[-2115.31,718.76],[-2114.36,721.27],[-2111.81,721.99],[-2111.09,723.15],[-2111.81,726.47],[-2114.2,728.62],[-2114.13,730.57],[-2109.32,741.29],[-2119.44,746.51],[-2123.84,753.06],[-2125.76,753.81],[-2130.49,753.51],[-2134.14,755.09],[-2138.78,760.51],[-2143.35,757.7],[-2146.23,759.43],[-2148.06,765.81],[-2151.53,770.74],[-2151.96,778.18],[-2155.31,777.97],[-2162.36,787.05],[-2163.02,793.33],[-2189.49,811.08],[-2188.32,821.25],[-2197.37,827.46],[-2199.29,837.57],[-2205.39,839.22],[-2213.78,844.93],[-2222.91,854.35],[-2224.33,860.49],[-2218.8,867.39],[-2216.07,869.47],[-2210.66,869.59],[-2204.44,873.25],[-2204.56,877.06],[-2209.68,879.6],[-2212.26,882.38],[-2215.62,882.22],[-2215.72,886.88],[-2219.93,886.88],[-2221.75,888.93],[-2219.73,892.57],[-2221.65,893.92],[-2234.24,891.14],[-2235.88,893.28],[-2243.14,892.98],[-2245.79,897.2],[-2255.42,897.5],[-2256.38,899.17],[-2264.46,902.19],[-2275.4,901.74],[-2281.5,897.28],[-2290.05,902.42],[-2301.15,903.64],[-2309.84,905.71],[-2312.25,908.99],[-2314.84,906.47],[-2321.41,904.76],[-2321.88,903.25],[-2327.91,902.72],[-2332.85,905.19],[-2336.32,911.61],[-2340.01,924.89],[-2347.01,926.39],[-2349.3,940.48],[-2347.27,947.22],[-2348.4,951.18],[-2347.19,954.42],[-2348.68,962.23],[-2320.52,966.92],[-2312.35,975.99],[-2306.47,978.45],[-2291.47,977.79],[-2280.26,978.58],[-2255.75,995.51],[-2255.61,1000.66],[-2253.48,1003.29],[-2251.91,1007.83],[-2252.3,1013.1],[-2266.05,1026.14],[-2272.11,1036.29],[-2277.97,1054.29],[-2275.79,1060.27],[-2266.09,1065.14],[-2252.59,1067.91],[-2242.14,1068.42],[-2235.91,1067.41],[-2225.99,1073.7],[-2216.62,1060.41],[-2196.9,1062.42],[-2189.96,1069.15],[-2192.89,1078.48],[-2192.87,1082.85],[-2195.02,1086.41],[-2199.35,1089.39],[-2203.08,1088.28],[-2206.5,1091.03],[-2213.61,1091.24],[-2217.32,1094.76],[-2228.95,1094.99],[-2232.66,1098.9],[-2233.09,1111.12],[-2234.55,1113.01],[-2237.6,1110.75],[-2242.17,1112.44],[-2245.84,1109.52],[-2260.7,1109.29],[-2267.52,1113.37],[-2271.38,1112.64],[-2284.41,1116.83],[-2292.18,1123.07],[-2312.41,1130.82],[-2326.58,1139.23],[-2332.35,1147.84],[-2331.07,1153.54],[-2331.96,1158.41],[-2325.5,1174.03],[-2325.63,1179.3],[-2329.36,1183.85],[-2332.89,1185.44],[-2339.54,1182.44],[-2345.25,1183.46],[-2348.58,1187.24],[-2352.63,1199.12],[-2357.21,1206.48],[-2354.72,1210.66],[-2347.35,1216.0],[-2344.55,1238.49],[-2340.28,1243.75],[-2340.41,1249.29],[-2345.25,1256.64],[-2335.67,1271.96],[-2333.27,1279.49],[-2330.11,1282.66],[-2322.61,1282.85],[-2311.5,1278.48],[-2303.34,1272.62],[-2286.38,1266.98],[-2278.08,1266.02],[-2263.36,1267.41],[-2260.2,1265.04],[-2251.49,1263.31],[-2242.57,1269.07],[-2240.73,1272.98],[-2239.46,1279.71],[-2242.13,1282.87],[-2241.77,1289.71],[-2243.63,1296.76],[-2243.56,1304.88],[-2241.31,1308.28],[-2211.52,1317.89],[-2207.73,1321.59],[-2205.98,1329.76],[-2200.7,1336.33],[-2196.24,1339.53],[-2187.84,1339.99],[-2185.57,1342.49],[-2187.47,1346.18],[-2185.91,1351.38],[-2181.06,1348.78],[-2174.85,1349.19],[-2169.89,1347.11],[-2164.96,1346.97],[-2160.14,1350.82],[-2159.73,1366.69],[-2164.79,1372.64],[-2164.23,1381.81],[-2170.57,1392.62],[-2170.76,1411.58],[-2173.47,1416.8],[-2179.62,1425.04],[-2185.4,1428.65],[-2188.5,1433.87],[-2188.58,1442.38],[-2191.94,1447.85],[-2193.35,1452.59],[-2200.67,1463.44],[-2204.76,1463.93],[-2207.55,1466.96],[-2217.83,1468.66],[-2221.24,1470.38],[-2229.45,1475.72],[-2231.02,1480.55],[-2235.09,1484.6],[-2235.73,1489.28],[-2241.39,1496.49],[-2239.73,1504.56],[-2240.62,1512.68],[-2238.31,1518.99],[-2239.67,1528.29],[-2248.48,1541.17],[-2258.61,1548.85],[-2285.39,1597.62],[-2285.07,1613.93],[-2281.73,1621.0],[-2280.99,1627.05],[-2282.36,1631.19],[-2281.59,1633.06],[-2282.66,1640.14],[-2285.25,1646.1],[-2283.81,1647.75],[-2285.34,1650.75],[-2280.14,1649.8],[-2277.53,1648.2],[-2271.81,1648.87],[-2266.09,1647.4],[-2265.35,1643.12],[-2263.18,1642.47],[-2259.73,1646.05],[-2259.06,1649.94],[-2261.48,1653.44],[-2261.67,1657.11],[-2266.95,1659.21],[-2269.54,1658.68],[-2273.16,1660.58],[-2279.01,1659.24],[-2279.88,1664.65],[-2284.08,1667.4],[-2284.12,1672.88],[-2280.19,1674.74],[-2286.78,1702.15],[-2286.3,1718.59],[-2268.16,1731.54],[-2269.24,1735.13],[-2278.54,1744.81],[-2285.66,1761.44],[-2293.72,1768.2],[-2294.91,1771.36],[-2297.91,1774.21],[-2295.37,1779.79],[-2295.06,1783.05],[-2296.09,1787.5],[-2301.04,1791.67],[-2305.86,1792.34],[-2314.57,1788.56],[-2319.08,1782.67],[-2345.44,1780.31],[-2355.5,1783.01],[-2360.99,1782.06],[-2367.52,1778.04],[-2373.12,1777.8],[-2397.86,1781.51],[-2404.57,1780.96],[-2410.61,1782.37],[-2426.02,1795.7],[-2430.09,1796.57],[-2439.48,1796.47],[-2450.92,1802.09],[-2453.52,1804.43],[-2466.26,1802.36],[-2477.33,1804.47],[-2501.43,1805.58],[-2510.03,1807.09],[-2512.53,1809.06],[-2514.54,1807.79],[-2525.36,1808.22],[-2532.05,1810.49],[-2562.37,1807.57],[-2572.64,1810.15],[-2580.0,1810.67],[-2594.14,1809.48],[-2604.59,1811.04],[-2612.66,1809.89],[-2619.62,1804.5],[-2630.19,1799.44],[-2641.84,1797.83],[-2649.28,1795.55],[-2652.71,1792.47],[-2655.19,1793.07],[-2660.5,1791.1],[-2666.02,1793.15],[-2671.35,1791.06],[-2683.32,1790.25],[-2697.76,1802.13],[-2707.7,1817.57],[-2708.45,1824.0],[-2712.51,1827.27],[-2718.78,1827.47],[-2729.9,1829.85],[-2735.32,1838.44],[-2739.73,1839.51],[-2762.22,1838.3],[-2772.9,1835.63],[-2781.09,1828.85],[-2789.81,1827.03],[-2793.89,1823.54],[-2797.48,1823.64],[-2803.68,1831.41],[-2803.79,1842.92],[-2798.77,1855.96],[-2786.43,1863.65],[-2771.34,1865.85],[-2767.44,1868.93],[-2768.07,1877.45],[-2765.93,1886.65],[-2768.88,1892.52],[-2786.44,1915.08],[-2784.47,1923.08],[-2779.49,1930.76],[-2779.51,1938.51],[-2778.35,1944.13],[-2785.77,1952.98],[-2788.8,1958.78],[-2788.99,1971.65],[-2792.41,1973.94],[-2793.52,1985.51],[-2791.02,2004.98],[-2786.85,2009.86],[-2785.86,2014.5],[-2782.86,2015.7],[-2786.48,2025.46],[-2782.89,2028.73],[-2791.91,2037.23],[-2799.79,2051.17],[-2799.87,2054.03],[-2799.17,2057.71],[-2786.89,2070.9],[-2792.46,2090.51],[-2804.7,2097.97],[-2812.04,2113.14],[-2817.59,2120.47],[-2813.09,2135.89],[-2798.98,2148.13],[-2779.87,2147.21],[-2754.56,2155.31],[-2744.36,2167.79],[-2746.74,2190.3],[-2766.33,2194.92],[-2779.85,2188.36],[-2800.56,2183.94],[-2809.21,2188.4],[-2808.52,2217.25],[-2817.27,2228.01],[-2811.63,2234.1],[-2792.78,2244.3],[-2786.43,2255.6],[-2786.24,2263.84],[-2783.03,2270.95],[-2782.33,2279.17],[-2790.38,2272.73],[-2813.49,2268.3],[-2828.38,2257.6],[-2886.48,2257.81],[-2911.81,2254.28],[-2916.73,2242.06],[-2915.76,2234.92],[-2916.02,2221.89],[-2923.77,2215.88],[-2947.72,2217.89],[-2959.83,2204.45],[-2964.22,2197.22],[-2966.43,2186.77],[-2968.0,2185.38],[-2968.0,2154.62],[-2961.82,2150.65],[-2960.38,2144.96],[-2965.13,2141.26],[-2967.27,2135.6],[-2966.07,2129.27],[-2968.0,2123.56],[-2968.0,2123.25],[-2965.93,2119.98],[-2965.31,2116.31],[-2968.0,2114.35],[-2968.0,2112.58],[-2958.25,2101.49],[-2960.57,2088.82],[-2962.15,2072.49],[-2968.0,2060.61],[-2968.0,339.84],[-2945.25,347.81]]]}}]}
